reconstructed_time,input_cyan,input_orange,reconstructed_mag,filter
174.0,17.879029768187888,,17.879029768187888,c
175.0,18.493021889524933,,18.493021889524933,c
