reconstructed_time,input_cyan,input_orange,reconstructed_mag,filter
598.0,,17.007007586361937,17.007007586361937,o
599.0,,17.620999707698985,17.620999707698985,o
