reconstructed_time,input_cyan,input_orange,reconstructed_mag,filter
599.0,,17.463660210826475,17.463660210826475,o
600.0,,18.077652332163524,18.077652332163524,o
