reconstructed_time,input_cyan,input_orange,reconstructed_mag,filter
869.0,,17.464412707550395,17.464412707550395,o
870.0,,18.078404828887447,18.078404828887447,o
