reconstructed_time,input_cyan,input_orange,reconstructed_mag,filter
1121.0,18.313035739743754,,18.313035739743754,c
1122.0,18.927027861080802,,18.927027861080802,c
