reconstructed_time,input_cyan,input_orange,reconstructed_mag,filter
1059.0,,17.198080381300162,17.198080381300162,o
1060.0,,17.812072502637207,17.812072502637207,o
