reconstructed_time,input_cyan,input_orange,reconstructed_mag,filter
1336.0,,17.371966297307324,17.371966297307324,o
1337.0,,17.985958418644373,17.985958418644373,o
