mjd,interp_mag
0,-15.830841565683738
1,-15.216849444346693
2,-14.269530206923399
3,-13.697117455103141
4,-13.191349237976612
5,-13.036004509087931
6,-12.545299901210605
7,-12.105841565683741
8,-11.86075823568374
9,-11.29742489568374
10,-10.58742489568374
11,-10.434797203576693
12,-10.446413344119406
13,-10.145461473209679
