kn_number,redshift,expl_epoch
0,0.005130425045074921,17
1,0.005040839179712762,245
2,0.010601590811812807,252
3,0.007185520931922232,163
4,0.005381420689677356,267
5,0.010731063083240764,132
6,0.002537380591938545,38
7,0.011757611450972347,343
8,0.001926665035174886,276
9,0.006447010053748215,289
