mjd_overlap,recovered_mag
136,15.665672091649089
140,16.996263093941966
