mjd_overlap,recovered_mag
330,15.536067409363428
332,17.055799398606972
336,18.64707528802638
