mjd_overlap,recovered_mag
266,10.30232595087961
268,11.232488894283804
270,12.0409055642838
274,13.192868986757867
