mjd_overlap,recovered_mag
182,17.25738931822263
186,18.84866520764204
