mjd_overlap,recovered_mag
18,16.65063175923718
24,19.059403730476838
