mjd_overlap,recovered_mag
98,16.141751705360697
100,16.787801042126706
104,18.745676047653575
106,18.886687599217908
