mjd_overlap,recovered_mag
348,18.321587126302624
350,19.13000379630262
