mjd_overlap,recovered_mag
14,14.0955646205054
18,16.735056948212527
