mjd_overlap,recovered_mag
12,16.785824285104106
14,17.86400525405089
16,18.510054590816893
