mjd_overlap,recovered_mag
330,17.115229075878148
332,17.77634202189336
