mjd_overlap,recovered_mag
158,12.595049581535868
160,14.156360940296207
164,15.880591246008999
168,17.83846625153587
170,17.979477803100202
