mjd_overlap,recovered_mag
72,15.072535135423504
74,16.592267124667046
80,18.99195968408645
