mjd_overlap,recovered_mag
108,12.880735474319751
114,16.166277138792882
