mjd_overlap,recovered_mag
160,16.92284468676648
162,18.442576676010027
