mjd_overlap,recovered_mag
246,17.45278083996022
248,18.972512829203765
