mjd_overlap,recovered_mag
180,17.261260870580628
182,18.822572229340967
