mjd_overlap,recovered_mag
354,15.812079000861113
358,17.992923936119873
360,18.923086879524067
