mjd_overlap,recovered_mag
48,14.828940478221044
54,17.939948356883995
56,18.748365026883988
