mjd_overlap,recovered_mag
68,13.5372551871682
70,14.467418130572396
72,15.27583480057239
74,16.138462492679437
