mjd_overlap,recovered_mag
276,17.658284483687172
278,19.21959584244751
