mjd_overlap,recovered_mag
210,15.253617397417324
212,16.77334938666087
214,17.43446233267608
216,18.364625276080275
