mjd_overlap,recovered_mag
182,17.171929809869564
186,18.50252081216244
