mjd_overlap,recovered_mag
108,13.827456529430068
110,15.347188518673613
112,16.008301464688824
