mjd_overlap,recovered_mag
248,16.17600512132927
250,17.254186090276054
