mjd_overlap,recovered_mag
308,17.701617399761947
310,19.262928758522293
