mjd_overlap,recovered_mag
48,16.34883521858696
54,18.952759560879837
56,19.093771112444166
