mjd_overlap,recovered_mag
126,9.148816213090148
136,12.700472194983618
