mjd_overlap,recovered_mag
26,15.281839185549545
28,16.843150544309886
