mjd_overlap,recovered_mag
330,13.310260644852884
332,13.956309981618887
336,15.914184987145756
338,16.055196538710085
