mjd_overlap,recovered_mag
298,14.381783783127569
304,16.78147634254697
308,17.93343976502104
