mjd_overlap,recovered_mag
348,17.694786053742032
350,18.355898999757237
352,19.28606194316143
