mjd_overlap,recovered_mag
38,15.348202576277462
40,16.9095139350378
44,18.63374424075059
