mjd_overlap,recovered_mag
194,17.117944908443064
196,18.679256267203407
