mjd_overlap,recovered_mag
212,16.508579629155882
214,18.028311618399428
216,18.68942456441464
