mjd_overlap,recovered_mag
270,15.807312825515421
274,17.988157760774175
276,18.91832070417837
