mjd_overlap,recovered_mag
186,10.951218348358514
188,12.029399317305302
196,14.774335211162507
