mjd_overlap,recovered_mag
360,14.232607946677295
364,16.87210027438442
