reconstructed_time,input_cyan,input_orange,reconstructed_mag,filter
290,17.987058366527137,16.990058366527137,16.990058366527137,o
292,,18.50979035577069,18.50979035577069,o
