reconstructed_time,input_cyan,input_orange,reconstructed_mag,filter
18,17.49103336417776,16.49403336417776,16.49403336417776,o
22,,18.674878299436518,18.674878299436518,o
