reconstructed_time,input_cyan,input_orange,reconstructed_mag,filter
270,19.114483338983355,18.11748333898336,18.11748333898336,o
