mjd,interp_mag
0,15.784063507058358
1,16.398055628395404
2,17.345374865818698
3,17.917787617638957
4,18.423555834765484
5,18.578900563654166
6,19.069605171531492
7,19.509063507058357
8,19.754146837058357
9,20.317480177058357
10,21.027480177058358
11,21.180107869165404
12,21.16849172862269
13,21.46944359953242
