mjd,interp_mag
0,10.72286970042214
1,11.336861821759186
2,12.284181059182478
3,12.856593811002739
4,13.362362028129265
5,13.517706757017946
6,14.008411364895272
7,14.447869700422139
8,14.692953030422139
9,15.256286370422139
10,15.966286370422138
11,16.118914062529186
12,16.107297921986472
13,16.4082497928962
