mjd,interp_mag
0,12.505259377653575
1,13.119251498990621
2,14.066570736413913
3,14.638983488234175
4,15.1447517053607
5,15.300096434249381
6,15.790801042126708
7,16.230259377653574
8,16.475342707653574
9,17.038676047653574
10,17.748676047653575
11,17.90130373976062
12,17.889687599217908
13,18.190639470127635
