mjd,interp_mag
0,15.532252810521259
1,16.146244931858305
2,17.0935641692816
3,17.66597692110186
4,18.171745138228385
5,18.327089867117067
6,18.817794474994393
7,19.25725281052126
8,19.50233614052126
9,20.065669480521258
10,20.77566948052126
11,20.928297172628305
12,20.91668103208559
13,21.21763290299532
