mjd,interp_mag
0,17.018264895678648
1,17.632257017015696
2,18.57957625443899
3,19.15198900625925
4,19.657757223385776
5,19.813101952274458
6,20.303806560151784
7,20.74326489567865
8,20.98834822567865
9,21.55168156567865
10,22.26168156567865
11,22.414309257785696
12,22.402693117242983
13,22.70364498815271
