mjd,interp_mag
0,17.15338557869589
1,17.767377700032938
2,18.71469693745623
3,19.28710968927649
4,19.792877906403017
5,19.9482226352917
6,20.438927243169026
7,20.87838557869589
8,21.12346890869589
9,21.68680224869589
10,22.39680224869589
11,22.549429940802938
12,22.537813800260224
13,22.838765671169952
