mjd,interp_mag
0,17.993344711182374
1,18.607336832519422
2,19.554656069942716
3,20.127068821762975
4,20.6328370388895
5,20.788181767778184
6,21.27888637565551
7,21.718344711182375
8,21.963428041182375
9,22.526761381182375
10,23.236761381182376
11,23.389389073289422
12,23.37777293274671
13,23.678724803656436
