mjd,interp_mag
0,14.227512926343765
1,14.841505047680812
2,15.788824285104104
3,16.361237036924365
4,16.86700525405089
5,17.022349982939573
6,17.5130545908169
7,17.952512926343765
8,18.197596256343765
9,18.760929596343765
10,19.470929596343765
11,19.62355728845081
12,19.611941147908098
13,19.912893018817826
