mjd,interp_mag
0,13.92507528802638
1,14.539067409363426
2,15.486386646786718
3,16.05879939860698
4,16.564567615733505
5,16.719912344622188
6,17.210616952499514
7,17.65007528802638
8,17.89515861802638
9,18.45849195802638
10,19.16849195802638
11,19.321119650133426
12,19.309503509590712
13,19.61045538050044
