mjd,interp_mag
0,17.887316699320053
1,18.5013088206571
2,19.448628058080395
3,20.021040809900654
4,20.52680902702718
5,20.682153755915863
6,21.17285836379319
7,21.612316699320054
8,21.857400029320054
9,22.420733369320054
10,23.130733369320055
11,23.2833610614271
12,23.271744920884387
13,23.572696791794115
