mjd,interp_mag
0,13.098564620505401
1,13.712556741842448
2,14.65987597926574
3,15.232288731086001
4,15.738056948212527
5,15.893401677101208
6,16.384106284978536
7,16.8235646205054
8,17.0686479505054
9,17.6319812905054
10,18.3419812905054
11,18.494608982612448
12,18.482992842069734
13,18.783944712979462
