mjd,interp_mag
0,14.41507201861567
1,15.029064139952716
2,15.976383377376008
3,16.54879612919627
4,17.054564346322795
5,17.209909075211478
6,17.700613683088804
7,18.14007201861567
8,18.38515534861567
9,18.94848868861567
10,19.65848868861567
11,19.811116380722716
12,19.799500240180002
13,20.10045211108973
