mjd,interp_mag
0,17.79859978344483
1,18.412591904781877
2,19.35991114220517
3,19.93232389402543
4,20.438092111151956
5,20.59343684004064
6,21.084141447917965
7,21.52359978344483
8,21.76868311344483
9,22.33201645344483
10,23.04201645344483
11,23.194644145551877
12,23.183028005009163
13,23.48397987591889
