mjd,interp_mag
0,16.244164849740898
1,16.858156971077946
2,17.80547620850124
3,18.3778889603215
4,18.883657177448026
5,19.039001906336708
6,19.529706514214034
7,19.9691648497409
8,20.2142481797409
9,20.7775815197409
10,21.4875815197409
11,21.640209211847946
12,21.628593071305232
13,21.92954494221496
