mjd,interp_mag
0,13.870634709367183
1,14.48462683070423
2,15.431946068127521
3,16.004358819947782
4,16.51012703707431
5,16.66547176596299
6,17.156176373840317
7,17.595634709367182
8,17.840718039367182
9,18.404051379367182
10,19.114051379367183
11,19.26667907147423
12,19.255062930931516
13,19.556014801841243
