mjd,interp_mag
0,15.777666470940732
1,16.39165859227778
2,17.338977829701072
3,17.91139058152133
4,18.417158798647858
5,18.57250352753654
6,19.063208135413866
7,19.50266647094073
8,19.74774980094073
9,20.31108314094073
10,21.021083140940732
11,21.173710833047778
12,21.162094692505065
13,21.463046563414792
