mjd,interp_mag
0,17.40662549259173
1,18.020617613928778
2,18.96793685135207
3,19.54034960317233
4,20.046117820298857
5,20.20146254918754
6,20.692167157064866
7,21.13162549259173
8,21.37670882259173
9,21.94004216259173
10,22.65004216259173
11,22.802669854698777
12,22.791053714156064
13,23.09200558506579
