mjd,interp_mag
0,17.337696593483287
1,17.951688714820335
2,18.89900795224363
3,19.47142070406389
4,19.977188921190415
5,20.132533650079097
6,20.623238257956423
7,21.062696593483288
8,21.307779923483288
9,21.871113263483288
10,22.58111326348329
11,22.733740955590335
12,22.72212481504762
13,23.02307668595735
