mjd,interp_mag
0,17.09013163759974
1,17.704123758936788
2,18.651442996360082
3,19.22385574818034
4,19.729623965306867
5,19.88496869419555
6,20.375673302072876
7,20.81513163759974
8,21.06021496759974
9,21.62354830759974
10,22.33354830759974
11,22.486175999706788
12,22.474559859164074
13,22.775511730073802
