mjd,interp_mag
0,13.535437482162438
1,14.149429603499485
2,15.096748840922777
3,15.669161592743038
4,16.174929809869564
5,16.330274538758246
6,16.820979146635572
7,17.260437482162438
8,17.505520812162437
9,18.068854152162437
10,18.778854152162438
11,18.931481844269484
12,18.91986570372677
13,19.2208175746365
