mjd,interp_mag
0,14.724339829267821
1,15.338331950604868
2,16.28565118802816
3,16.85806393984842
4,17.363832156974947
5,17.51917688586363
6,18.009881493740956
7,18.44933982926782
8,18.69442315926782
9,19.25775649926782
10,19.96775649926782
11,20.120384191374868
12,20.108768050832154
13,20.409719921741882
