mjd,interp_mag
0,16.996987212550366
1,17.610979333887414
2,18.558298571310708
3,19.130711323130967
4,19.636479540257493
5,19.791824269146176
6,20.282528877023502
7,20.721987212550367
8,20.967070542550367
9,21.530403882550367
10,22.240403882550368
11,22.393031574657414
12,22.3814154341147
13,22.682367305024428
