mjd,interp_mag
0,17.84118164136106
1,18.45517376269811
2,19.402493000121403
3,19.974905751941662
4,20.48067396906819
5,20.63601869795687
6,21.126723305834197
7,21.566181641361062
8,21.811264971361062
9,22.374598311361062
10,23.084598311361063
11,23.23722600346811
12,23.225609862925396
13,23.526561733835123
