mjd,interp_mag
0,9.745418130572395
1,10.359410251909441
2,11.306729489332733
3,11.879142241152994
4,12.38491045827952
5,12.540255187168201
6,13.030959795045527
7,13.470418130572394
8,13.715501460572394
9,14.278834800572394
10,14.988834800572393
11,15.141462492679441
12,15.129846352136727
13,15.430798223046455
