mjd,interp_mag
0,16.584255608030603
1,17.19824772936765
2,18.145566966790945
3,18.717979718611204
4,19.22374793573773
5,19.379092664626413
6,19.86979727250374
7,20.309255608030604
8,20.554338938030604
9,21.117672278030604
10,21.827672278030605
11,21.98029997013765
12,21.968683829594937
13,22.269635700504665
