mjd,interp_mag
0,13.599587126302625
1,14.213579247639672
2,15.160898485062964
3,15.733311236883225
4,16.23907945400975
5,16.394424182898433
6,16.88512879077576
7,17.324587126302625
8,17.569670456302624
9,18.133003796302624
10,18.843003796302625
11,18.99563148840967
12,18.984015347866958
13,19.284967218776686
