mjd,interp_mag
0,12.275489115160903
1,12.88948123649795
2,13.836800473921242
3,14.409213225741503
4,14.91498144286803
5,15.07032617175671
6,15.561030779634036
7,16.000489115160903
8,16.245572445160903
9,16.808905785160903
10,17.518905785160904
11,17.67153347726795
12,17.659917336725236
13,17.960869207634964
