mjd,interp_mag
0,10.52379347999428
1,11.137785601331327
2,12.085104838754619
3,12.65751759057488
4,13.163285807701406
5,13.318630536590087
6,13.809335144467413
7,14.24879347999428
8,14.49387680999428
9,15.05721014999428
10,15.767210149994279
11,15.919837842101327
12,15.908221701558613
13,16.20917357246834
