mjd,interp_mag
0,14.126665207642036
1,14.740657328979083
2,15.687976566402375
3,16.260389318222636
4,16.766157535349162
5,16.921502264237844
6,17.41220687211517
7,17.851665207642036
8,18.096748537642036
9,18.660081877642035
10,19.370081877642036
11,19.522709569749082
12,19.51109342920637
13,19.812045300116097
