mjd,interp_mag
0,17.380858058257836
1,17.994850179594884
2,18.942169417018178
3,19.514582168838437
4,20.020350385964964
5,20.175695114853646
6,20.666399722730972
7,21.105858058257837
8,21.350941388257837
9,21.914274728257837
10,22.624274728257838
11,22.776902420364884
12,22.76528627982217
13,23.0662381507319
