mjd,interp_mag
0,14.897587507818836
1,15.511579629155882
2,16.458898866579176
3,17.031311618399435
4,17.53707983552596
5,17.692424564414644
6,18.18312917229197
7,18.622587507818835
8,18.867670837818835
9,19.431004177818835
10,20.141004177818836
11,20.293631869925882
12,20.28201572938317
13,20.582967600292896
