mjd,interp_mag
0,17.637192303823824
1,18.251184425160872
2,19.198503662584166
3,19.770916414404425
4,20.27668463153095
5,20.432029360419634
6,20.92273396829696
7,21.362192303823825
8,21.607275633823825
9,22.170608973823825
10,22.880608973823826
11,23.033236665930872
12,23.02162052538816
13,23.322572396297886
