mjd,interp_mag
0,14.124992013283398
1,14.738984134620445
2,15.686303372043737
3,16.258716123863998
4,16.764484340990524
5,16.919829069879206
6,17.410533677756533
7,17.849992013283398
8,18.095075343283398
9,18.658408683283398
10,19.3684086832834
11,19.521036375390445
12,19.50942023484773
13,19.81037210575746
