mjd,interp_mag
0,16.824897448989617
1,17.438889570326666
2,18.38620880774996
3,18.95862155957022
4,19.464389776696745
5,19.619734505585427
6,20.110439113462753
7,20.54989744898962
8,20.79498077898962
9,21.358314118989618
10,22.06831411898962
11,22.220941811096665
12,22.20932567055395
13,22.51027754146368
