mjd,interp_mag
0,15.214636974525577
1,15.828629095862624
2,16.775948333285918
3,17.348361085106177
4,17.854129302232703
5,18.009474031121385
6,18.50017863899871
7,18.939636974525577
8,19.184720304525577
9,19.748053644525577
10,20.458053644525577
11,20.610681336632624
12,20.59906519608991
13,20.900017066999638
