mjd,interp_mag
0,14.19632070417837
1,14.810312825515418
2,15.75763206293871
3,16.33004481475897
4,16.835813031885497
5,16.99115776077418
6,17.481862368651505
7,17.92132070417837
8,18.16640403417837
9,18.72973737417837
10,19.43973737417837
11,19.592365066285417
12,19.580748925742704
13,19.88170079665243
