mjd,interp_mag
0,17.140114661186296
1,17.754106782523344
2,18.701426019946638
3,19.273838771766897
4,19.779606988893423
5,19.934951717782106
6,20.425656325659432
7,20.865114661186297
8,21.110197991186297
9,21.673531331186297
10,22.383531331186298
11,22.536159023293344
12,22.52454288275063
13,22.825494753660358
