mjd,interp_mag
0,18.048660523755473
1,18.66265264509252
2,19.609971882515815
3,20.182384634336074
4,20.6881528514626
5,20.843497580351283
6,21.33420218822861
7,21.773660523755474
8,22.018743853755474
9,22.582077193755474
10,23.292077193755475
11,23.44470488586252
12,23.433088745319807
13,23.734040616229535
