mjd,interp_mag
0,17.631249875600076
1,18.245241996937125
2,19.19256123436042
3,19.764973986180678
4,20.270742203307204
5,20.426086932195886
6,20.916791540073213
7,21.356249875600078
8,21.601333205600078
9,22.164666545600078
10,22.87466654560008
11,23.027294237707125
12,23.01567809716441
13,23.31662996807414
