mjd,interp_mag
0,18.05002382700468
1,18.664015948341728
2,19.61133518576502
3,20.18374793758528
4,20.689516154711807
5,20.84486088360049
6,21.335565491477816
7,21.77502382700468
8,22.02010715700468
9,22.58344049700468
10,23.29344049700468
11,23.446068189111728
12,23.434452048569014
13,23.735403919478742
