mjd,interp_mag
0,17.577573456909924
1,18.191565578246973
2,19.138884815670266
3,19.711297567490526
4,20.217065784617052
5,20.372410513505734
6,20.86311512138306
7,21.302573456909926
8,21.547656786909926
9,22.110990126909925
10,22.820990126909926
11,22.973617819016972
12,22.96200167847426
13,23.262953549383987
