mjd,interp_mag
0,17.59881830848493
1,18.212810429821978
2,19.160129667245272
3,19.73254241906553
4,20.238310636192058
5,20.39365536508074
6,20.884359972958066
7,21.32381830848493
8,21.56890163848493
9,22.13223497848493
10,22.84223497848493
11,22.994862670591978
12,22.983246530049264
13,23.284198400958992
