mjd,interp_mag
0,14.961604371796016
1,15.575596493133062
2,16.522915730556356
3,17.095328482376615
4,17.60109669950314
5,17.756441428391824
6,18.24714603626915
7,18.686604371796015
8,18.931687701796015
9,19.495021041796015
10,20.205021041796016
11,20.357648733903062
12,20.34603259336035
13,20.646984464270076
