mjd,interp_mag
0,17.82279178510015
1,18.4367839064372
2,19.384103143860493
3,19.956515895680752
4,20.46228411280728
5,20.61762884169596
6,21.108333449573287
7,21.547791785100152
8,21.792875115100152
9,22.356208455100152
10,23.066208455100153
11,23.2188361472072
12,23.207220006664485
13,23.508171877574213
