mjd,interp_mag
0,17.70487787271307
1,18.318869994050118
2,19.266189231473412
3,19.83860198329367
4,20.344370200420197
5,20.49971492930888
6,20.990419537186206
7,21.42987787271307
8,21.67496120271307
9,22.23829454271307
10,22.94829454271307
11,23.100922234820118
12,23.089306094277404
13,23.390257965187132
