mjd,interp_mag
0,15.977406776054517
1,16.591398897391564
2,17.538718134814857
3,18.111130886635117
4,18.616899103761643
5,18.772243832650325
6,19.26294844052765
7,19.702406776054517
8,19.947490106054516
9,20.510823446054516
10,21.220823446054517
11,21.373451138161563
12,21.36183499761885
13,21.662786868528578
