mjd,interp_mag
0,17.552978120484838
1,18.166970241821886
2,19.11428947924518
3,19.68670223106544
4,20.192470448191965
5,20.347815177080648
6,20.838519784957974
7,21.27797812048484
8,21.52306145048484
9,22.08639479048484
10,22.79639479048484
11,22.949022482591886
12,22.937406342049172
13,23.2383582129589
