mjd,interp_mag
0,17.579528849802124
1,18.193520971139172
2,19.140840208562466
3,19.713252960382725
4,20.21902117750925
5,20.374365906397934
6,20.86507051427526
7,21.304528849802125
8,21.549612179802125
9,22.112945519802125
10,22.822945519802126
11,22.975573211909172
12,22.96395707136646
13,23.264908942276186
