mjd,interp_mag
0,17.61337550519837
1,18.22736762653542
2,19.174686863958712
3,19.74709961577897
4,20.252867832905498
5,20.40821256179418
6,20.898917169671506
7,21.33837550519837
8,21.58345883519837
9,22.14679217519837
10,22.856792175198372
11,23.009419867305418
12,22.997803726762704
13,23.298755597672432
