mjd,interp_mag
0,17.113796060868893
1,17.72778818220594
2,18.675107419629235
3,19.247520171449494
4,19.75328838857602
5,19.908633117464703
6,20.39933772534203
7,20.838796060868894
8,21.083879390868894
9,21.647212730868894
10,22.357212730868895
11,22.50984042297594
12,22.498224282433227
13,22.799176153342955
