mjd,interp_mag
0,17.593695708668037
1,18.207687830005085
2,19.15500706742838
3,19.727419819248638
4,20.233188036375164
5,20.388532765263847
6,20.879237373141173
7,21.318695708668038
8,21.563779038668038
9,22.127112378668038
10,22.83711237866804
11,22.989740070775085
12,22.97812393023237
13,23.2790758011421
