mjd,interp_mag
0,15.191378993689606
1,15.805371115026652
2,16.752690352449946
3,17.325103104270205
4,17.83087132139673
5,17.986216050285414
6,18.47692065816274
7,18.916378993689605
8,19.161462323689605
9,19.724795663689605
10,20.434795663689606
11,20.587423355796652
12,20.57580721525394
13,20.876759086163666
