mjd,interp_mag
0,10.297987796407584
1,10.911979917744631
2,11.859299155167923
3,12.431711906988184
4,12.93748012411471
5,13.09282485300339
6,13.583529460880717
7,14.022987796407584
8,14.268071126407584
9,14.831404466407584
10,15.541404466407583
11,15.69403215851463
12,15.682416017971917
13,15.983367888881645
