mjd,interp_mag
0,16.30201655647341
1,16.91600867781046
2,17.863327915233754
3,18.435740667054013
4,18.94150888418054
5,19.09685361306922
6,19.587558220946548
7,20.027016556473413
8,20.272099886473413
9,20.835433226473413
10,21.545433226473413
11,21.69806091858046
12,21.686444778037746
13,21.987396648947474
