mjd,interp_mag
0,17.859444095623147
1,18.473436216960195
2,19.42075545438349
3,19.993168206203748
4,20.498936423330274
5,20.654281152218957
6,21.144985760096283
7,21.584444095623148
8,21.829527425623148
9,22.392860765623148
10,23.10286076562315
11,23.255488457730195
12,23.24387231718748
13,23.54482418809721
