mjd,interp_mag
0,17.986313527548305
1,18.600305648885353
2,19.547624886308647
3,20.120037638128906
4,20.625805855255432
5,20.781150584144115
6,21.27185519202144
7,21.711313527548306
8,21.956396857548306
9,22.519730197548306
10,23.229730197548307
11,23.382357889655353
12,23.37074174911264
13,23.671693620022367
