mjd,interp_mag
0,17.81230894023107
1,18.426301061568118
2,19.373620298991412
3,19.94603305081167
4,20.451801267938198
5,20.60714599682688
6,21.097850604704206
7,21.53730894023107
8,21.78239227023107
9,22.34572561023107
10,23.05572561023107
11,23.208353302338118
12,23.196737161795404
13,23.497689032705132
