mjd,interp_mag
0,11.59804958153587
1,12.212041702872916
2,13.159360940296208
3,13.73177369211647
4,14.237541909242996
5,14.392886638131676
6,14.883591246009003
7,15.32304958153587
8,15.56813291153587
9,16.13146625153587
10,16.84146625153587
11,16.994093943642916
12,16.982477803100203
13,17.28342967400993
