mjd,interp_mag
0,16.522577606314947
1,17.136569727651995
2,18.08388896507529
3,18.65630171689555
4,19.162069934022075
5,19.317414662910757
6,19.808119270788083
7,20.247577606314948
8,20.492660936314948
9,21.055994276314948
10,21.76599427631495
11,21.918621968421995
12,21.90700582787928
13,22.20795769878901
