mjd,interp_mag
0,17.318347106451526
1,17.932339227788574
2,18.879658465211868
3,19.452071217032127
4,19.957839434158654
5,20.113184163047336
6,20.603888770924662
7,21.043347106451527
8,21.288430436451527
9,21.851763776451527
10,22.561763776451528
11,22.714391468558574
12,22.70277532801586
13,23.00372719892559
