mjd,interp_mag
0,16.32615251341663
1,16.94014463475368
2,17.887463872176973
3,18.459876623997232
4,18.96564484112376
5,19.12098957001244
6,19.611694177889767
7,20.051152513416632
8,20.296235843416632
9,20.85956918341663
10,21.569569183416633
11,21.72219687552368
12,21.710580734980965
13,22.011532605890693
