mjd,interp_mag
0,17.25282801497068
1,17.86682013630773
2,18.814139373731024
3,19.386552125551283
4,19.89232034267781
5,20.04766507156649
6,20.538369679443818
7,20.977828014970683
8,21.222911344970683
9,21.786244684970683
10,22.496244684970684
11,22.64887237707773
12,22.637256236535016
13,22.938208107444744
