mjd,interp_mag
0,17.889569072263235
1,18.503561193600284
2,19.450880431023577
3,20.023293182843837
4,20.529061399970363
5,20.684406128859045
6,21.17511073673637
7,21.614569072263237
8,21.859652402263237
9,22.422985742263236
10,23.132985742263237
11,23.285613434370283
12,23.27399729382757
13,23.574949164737298
