mjd,interp_mag
0,17.53267411276053
1,18.14666623409758
2,19.093985471520874
3,19.666398223341133
4,20.17216644046766
5,20.32751116935634
6,20.818215777233668
7,21.257674112760533
8,21.502757442760533
9,22.066090782760533
10,22.776090782760534
11,22.92871847486758
12,22.917102334324866
13,23.218054205234594
