mjd,interp_mag
0,16.70461739976195
1,17.318609521099
2,18.265928758522293
3,18.838341510342552
4,19.34410972746908
5,19.49945445635776
6,19.990159064235087
7,20.429617399761952
8,20.674700729761952
9,21.23803406976195
10,21.948034069761952
11,22.100661761869
12,22.089045621326285
13,22.389997492236013
