mjd,interp_mag
0,17.322811280562497
1,17.936803401899546
2,18.88412263932284
3,19.4565353911431
4,19.962303608269625
5,20.117648337158307
6,20.608352945035634
7,21.0478112805625
8,21.2928946105625
9,21.8562279505625
10,22.5662279505625
11,22.718855642669546
12,22.707239502126832
13,23.00819137303656
