mjd,interp_mag
0,15.311852565429435
1,15.925844686766482
2,16.873163924189775
3,17.445576676010035
4,17.95134489313656
5,18.106689622025243
6,18.59739422990257
7,19.036852565429434
8,19.281935895429434
9,19.845269235429434
10,20.555269235429435
11,20.70789692753648
12,20.696280786993768
13,20.997232657903496
