mjd,interp_mag
0,17.828130622170384
1,18.442122743507433
2,19.389441980930727
3,19.961854732750986
4,20.467622949877512
5,20.622967678766194
6,21.11367228664352
7,21.553130622170386
8,21.798213952170386
9,22.361547292170386
10,23.071547292170386
11,23.224174984277433
12,23.21255884373472
13,23.513510714644447
