mjd,interp_mag
0,17.40389383110893
1,18.01788595244598
2,18.965205189869273
3,19.537617941689533
4,20.04338615881606
5,20.19873088770474
6,20.689435495582067
7,21.128893831108932
8,21.373977161108932
9,21.937310501108932
10,22.647310501108933
11,22.79993819321598
12,22.788322052673266
13,23.089273923582994
