mjd,interp_mag
0,18.029094678280813
1,18.643086799617862
2,19.590406037041156
3,20.162818788861415
4,20.66858700598794
5,20.823931734876624
6,21.31463634275395
7,21.754094678280815
8,21.999178008280815
9,22.562511348280815
10,23.272511348280815
11,23.42513904038786
12,23.413522899845148
13,23.714474770754876
