mjd,interp_mag
0,17.01423098347402
1,17.62822310481107
2,18.575542342234364
3,19.147955094054623
4,19.65372331118115
5,19.809068040069832
6,20.299772647947158
7,20.739230983474023
8,20.984314313474023
9,21.547647653474023
10,22.257647653474024
11,22.41027534558107
12,22.398659205038356
13,22.699611075948084
