mjd,interp_mag
0,17.145487581682346
1,17.759479703019394
2,18.706798940442688
3,19.279211692262948
4,19.784979909389474
5,19.940324638278156
6,20.431029246155482
7,20.870487581682347
8,21.115570911682347
9,21.678904251682347
10,22.388904251682348
11,22.541531943789394
12,22.52991580324668
13,22.83086767415641
