mjd,interp_mag
0,16.55144464093658
1,17.16543676227363
2,18.112755999696923
3,18.685168751517182
4,19.190936968643708
5,19.34628169753239
6,19.836986305409717
7,20.27644464093658
8,20.52152797093658
9,21.08486131093658
10,21.794861310936582
11,21.94748900304363
12,21.935872862500915
13,22.236824733410643
