mjd,interp_mag
0,17.11108494946918
1,17.72507707080623
2,18.672396308229523
3,19.244809060049782
4,19.75057727717631
5,19.90592200606499
6,20.396626613942317
7,20.836084949469182
8,21.081168279469182
9,21.64450161946918
10,22.354501619469183
11,22.50712931157623
12,22.495513171033515
13,22.796465041943243
