mjd,interp_mag
0,16.4494795205852
1,17.06347164192225
2,18.010790879345542
3,18.5832036311658
4,19.088971848292328
5,19.24431657718101
6,19.735021185058336
7,20.1744795205852
8,20.4195628505852
9,20.9828961905852
10,21.692896190585202
11,21.845523882692248
12,21.833907742149535
13,22.134859613059263
