mjd,interp_mag
0,17.993788413577214
1,18.607780534914262
2,19.555099772337556
3,20.127512524157815
4,20.63328074128434
5,20.788625470173024
6,21.27933007805035
7,21.718788413577215
8,21.963871743577215
9,22.527205083577215
10,23.237205083577216
11,23.389832775684262
12,23.37821663514155
13,23.679168506051276
