mjd,interp_mag
0,16.857274083537106
1,17.471266204874155
2,18.41858544229745
3,18.990998194117708
4,19.496766411244234
5,19.652111140132916
6,20.142815748010243
7,20.582274083537108
8,20.827357413537108
9,21.390690753537108
10,22.10069075353711
11,22.253318445644155
12,22.24170230510144
13,22.54265417601117
