mjd,interp_mag
0,14.284839185549545
1,14.898831306886592
2,15.846150544309884
3,16.418563296130145
4,16.92433151325667
5,17.079676242145354
6,17.57038085002268
7,18.009839185549545
8,18.254922515549545
9,18.818255855549545
10,19.528255855549546
11,19.68088354765659
12,19.669267407113878
13,19.970219278023606
