mjd,interp_mag
0,17.520417026576638
1,18.134409147913686
2,19.08172838533698
3,19.65414113715724
4,20.159909354283766
5,20.315254083172448
6,20.805958691049774
7,21.24541702657664
8,21.49050035657664
9,22.05383369657664
10,22.76383369657664
11,22.916461388683686
12,22.904845248140973
13,23.2057971190507
