mjd,interp_mag
0,17.47960429313831
1,18.093596414475357
2,19.04091565189865
3,19.61332840371891
4,20.119096620845436
5,20.27444134973412
6,20.765145957611445
7,21.20460429313831
8,21.44968762313831
9,22.01302096313831
10,22.72302096313831
11,22.875648655245357
12,22.864032514702643
13,23.16498438561237
