mjd,interp_mag
0,16.45616703686907
1,17.070159158206117
2,18.01747839562941
3,18.58989114744967
4,19.095659364576196
5,19.25100409346488
6,19.741708701342205
7,20.18116703686907
8,20.42625036686907
9,20.98958370686907
10,21.69958370686907
11,21.852211398976117
12,21.840595258433403
13,22.14154712934313
