mjd,interp_mag
0,17.13347033555634
1,17.747462456893388
2,18.69478169431668
3,19.26719444613694
4,19.772962663263467
5,19.92830739215215
6,20.419012000029475
7,20.85847033555634
8,21.10355366555634
9,21.66688700555634
10,22.37688700555634
11,22.529514697663387
12,22.517898557120674
13,22.8188504280304
