mjd,interp_mag
0,16.60186144618526
1,17.21585356752231
2,18.163172804945603
3,18.735585556765862
4,19.24135377389239
5,19.39669850278107
6,19.887403110658397
7,20.326861446185262
8,20.571944776185262
9,21.135278116185262
10,21.845278116185263
11,21.99790580829231
12,21.986289667749595
13,22.287241538659323
