mjd,interp_mag
0,17.50692575994865
1,18.1209178812857
2,19.068237118708993
3,19.640649870529252
4,20.14641808765578
5,20.30176281654446
6,20.792467424421787
7,21.231925759948652
8,21.477009089948652
9,22.04034242994865
10,22.750342429948653
11,22.9029701220557
12,22.891353981512985
13,23.192305852422713
