mjd,interp_mag
0,17.626643447707536
1,18.240635569044585
2,19.18795480646788
3,19.760367558288138
4,20.266135775414664
5,20.421480504303346
6,20.912185112180673
7,21.351643447707538
8,21.596726777707538
9,22.160060117707538
10,22.87006011770754
11,23.022687809814585
12,23.01107166927187
13,23.3120235401816
