mjd,interp_mag
0,17.51917260690503
1,18.13316472824208
2,19.080483965665373
3,19.652896717485632
4,20.15866493461216
5,20.31400966350084
6,20.804714271378167
7,21.244172606905032
8,21.48925593690503
9,22.05258927690503
10,22.762589276905032
11,22.91521696901208
12,22.903600828469365
13,23.204552699379093
