mjd,interp_mag
0,9.974059547527395
1,10.588051668864441
2,11.535370906287733
3,12.107783658107994
4,12.61355187523452
5,12.768896604123201
6,13.259601212000527
7,13.699059547527394
8,13.944142877527394
9,14.507476217527394
10,15.217476217527393
11,15.370103909634441
12,15.358487769091727
13,15.659439640001455
