mjd,interp_mag
0,16.778578251808995
1,17.392570373146043
2,18.339889610569337
3,18.912302362389596
4,19.418070579516122
5,19.573415308404805
6,20.06411991628213
7,20.503578251808996
8,20.748661581808996
9,21.311994921808996
10,22.021994921808997
11,22.174622613916043
12,22.16300647337333
13,22.463958344283057
