mjd,interp_mag
0,17.22446824188127
1,17.838460363218317
2,18.78577960064161
3,19.35819235246187
4,19.863960569588397
5,20.01930529847708
6,20.510009906354405
7,20.94946824188127
8,21.19455157188127
9,21.75788491188127
10,22.46788491188127
11,22.620512603988317
12,22.608896463445603
13,22.90984833435533
