mjd,interp_mag
0,16.34792000393187
1,16.961912125268917
2,17.90923136269221
3,18.48164411451247
4,18.987412331638996
5,19.14275706052768
6,19.633461668405005
7,20.07292000393187
8,20.31800333393187
9,20.88133667393187
10,21.59133667393187
11,21.743964366038917
12,21.732348225496203
13,22.03330009640593
