mjd,interp_mag
0,17.478847540732545
1,18.092839662069593
2,19.040158899492887
3,19.612571651313147
4,20.118339868439673
5,20.273684597328355
6,20.76438920520568
7,21.203847540732546
8,21.448930870732546
9,22.012264210732546
10,22.722264210732547
11,22.874891902839593
12,22.86327576229688
13,23.164227633206607
