mjd,interp_mag
0,16.179984828361455
1,16.793976949698504
2,17.741296187121797
3,18.313708938942057
4,18.819477156068583
5,18.974821884957265
6,19.46552649283459
7,19.904984828361457
8,20.150068158361456
9,20.713401498361456
10,21.423401498361457
11,21.576029190468503
12,21.56441304992579
13,21.865364920835518
