mjd,interp_mag
0,16.390800322361365
1,17.004792443698413
2,17.952111681121707
3,18.524524432941966
4,19.030292650068493
5,19.185637378957175
6,19.6763419868345
7,20.115800322361366
8,20.360883652361366
9,20.924216992361366
10,21.634216992361367
11,21.786844684468413
12,21.7752285439257
13,22.076180414835427
