mjd,interp_mag
0,17.88670228594814
1,18.500694407285188
2,19.44801364470848
3,20.02042639652874
4,20.526194613655267
5,20.68153934254395
6,21.172243950421276
7,21.61170228594814
8,21.85678561594814
9,22.42011895594814
10,23.13011895594814
11,23.282746648055188
12,23.271130507512474
13,23.572082378422202
