mjd,interp_mag
0,16.319003630295896
1,16.932995751632944
2,17.880314989056238
3,18.452727740876497
4,18.958495958003024
5,19.113840686891706
6,19.604545294769032
7,20.044003630295897
8,20.289086960295897
9,20.852420300295897
10,21.562420300295898
11,21.715047992402944
12,21.70343185186023
13,22.00438372276996
