mjd,interp_mag
0,14.891202040801561
1,15.505194162138608
2,16.4525133995619
3,17.02492615138216
4,17.530694368508687
5,17.68603909739737
6,18.176743705274696
7,18.61620204080156
8,18.86128537080156
9,19.42461871080156
10,20.13461871080156
11,20.287246402908607
12,20.275630262365894
13,20.576582133275622
