mjd,interp_mag
0,16.894488177957363
1,17.508480299294412
2,18.455799536717706
3,19.028212288537965
4,19.53398050566449
5,19.689325234553174
6,20.1800298424305
7,20.619488177957365
8,20.864571507957365
9,21.427904847957365
10,22.137904847957365
11,22.29053254006441
12,22.278916399521698
13,22.579868270431426
