mjd,interp_mag
0,17.67280577132761
1,18.28679789266466
2,19.234117130087952
3,19.80652988190821
4,20.312298099034738
5,20.46764282792342
6,20.958347435800746
7,21.39780577132761
8,21.64288910132761
9,22.20622244132761
10,22.916222441327612
11,23.06885013343466
12,23.057233992891945
13,23.358185863801673
