mjd,interp_mag
0,17.8387308121057
1,18.45272293344275
2,19.400042170866044
3,19.972454922686303
4,20.47822313981283
5,20.633567868701512
6,21.124272476578838
7,21.563730812105703
8,21.808814142105703
9,22.372147482105703
10,23.082147482105704
11,23.23477517421275
12,23.223159033670036
13,23.524110904579764
