mjd,interp_mag
0,14.947486395741594
1,15.56147851707864
2,16.508797754501934
3,17.081210506322194
4,17.58697872344872
5,17.742323452337402
6,18.23302806021473
7,18.672486395741593
8,18.917569725741593
9,19.480903065741593
10,20.190903065741594
11,20.34353075784864
12,20.331914617305927
13,20.632866488215654
