mjd,interp_mag
0,17.803860346641173
1,18.41785246797822
2,19.365171705401515
3,19.937584457221774
4,20.4433526743483
5,20.598697403236983
6,21.08940201111431
7,21.528860346641174
8,21.773943676641174
9,22.337277016641174
10,23.047277016641175
11,23.19990470874822
12,23.188288568205508
13,23.489240439115235
