mjd,interp_mag
0,17.41678183844855
1,18.0307739597856
2,18.978093197208892
3,19.55050594902915
4,20.056274166155678
5,20.21161889504436
6,20.702323502921686
7,21.14178183844855
8,21.38686516844855
9,21.95019850844855
10,22.660198508448552
11,22.812826200555598
12,22.801210060012885
13,23.102161930922612
