mjd,interp_mag
0,15.066718881767757
1,15.680711003104804
2,16.628030240528098
3,17.200442992348357
4,17.706211209474883
5,17.861555938363566
6,18.352260546240892
7,18.791718881767757
8,19.036802211767757
9,19.600135551767757
10,20.310135551767758
11,20.462763243874804
12,20.45114710333209
13,20.752098974241818
