mjd,interp_mag
0,17.910862787358475
1,18.524854908695524
2,19.472174146118817
3,20.044586897939077
4,20.550355115065603
5,20.705699843954285
6,21.19640445183161
7,21.635862787358477
8,21.880946117358476
9,22.444279457358476
10,23.154279457358477
11,23.306907149465523
12,23.29529100892281
13,23.596242879832538
