mjd,interp_mag
0,15.741099565174766
1,16.355091686511813
2,17.302410923935106
3,17.874823675755366
4,18.380591892881892
5,18.535936621770574
6,19.0266412296479
7,19.466099565174765
8,19.711182895174765
9,20.274516235174765
10,20.984516235174766
11,21.137143927281812
12,21.1255277867391
13,21.426479657648827
