mjd,interp_mag
0,17.234706763490195
1,17.848698884827243
2,18.796018122250537
3,19.368430874070796
4,19.874199091197323
5,20.029543820086005
6,20.52024842796333
7,20.959706763490196
8,21.204790093490196
9,21.768123433490196
10,22.478123433490197
11,22.630751125597243
12,22.61913498505453
13,22.920086855964257
