mjd,interp_mag
0,15.381215384086959
1,15.995207505424005
2,16.9425267428473
3,17.51493949466756
4,18.020707711794085
5,18.176052440682767
6,18.666757048560093
7,19.10621538408696
8,19.35129871408696
9,19.914632054086958
10,20.62463205408696
11,20.777259746194005
12,20.76564360565129
13,21.06659547656102
