mjd,interp_mag
0,13.235607946677293
1,13.84960006801434
2,14.796919305437632
3,15.369332057257893
4,15.875100274384419
5,16.0304450032731
6,16.521149611150427
7,16.960607946677293
8,17.205691276677292
9,17.769024616677292
10,18.479024616677293
11,18.63165230878434
12,18.620036168241626
13,18.920988039151354
