mjd,interp_mag
0,13.984504965297555
1,14.598497086634602
2,15.545816324057894
3,16.118229075878155
4,16.62399729300468
5,16.779342021893363
6,17.27004662977069
7,17.709504965297555
8,17.954588295297555
9,18.517921635297554
10,19.227921635297555
11,19.3805493274046
12,19.368933186861888
13,19.669885057771616
