mjd,interp_mag
0,17.334285537141298
1,17.948277658478347
2,18.89559689590164
3,19.4680096477219
4,19.973777864848426
5,20.129122593737108
6,20.619827201614434
7,21.0592855371413
8,21.3043688671413
9,21.8677022071413
10,22.5777022071413
11,22.730329899248346
12,22.718713758705633
13,23.01966562961536
