mjd,interp_mag
0,17.960718360526975
1,18.574710481864024
2,19.522029719287318
3,20.094442471107577
4,20.600210688234103
5,20.755555417122785
6,21.24626002500011
7,21.685718360526977
8,21.930801690526977
9,22.494135030526976
10,23.204135030526977
11,23.356762722634024
12,23.34514658209131
13,23.646098453001038
