mjd,interp_mag
0,13.642625276080276
1,14.256617397417322
2,15.203936634840614
3,15.776349386660875
4,16.282117603787402
5,16.437462332676084
6,16.92816694055341
7,17.367625276080275
8,17.612708606080275
9,18.176041946080275
10,18.886041946080276
11,19.038669638187322
12,19.02705349764461
13,19.328005368554336
