mjd,interp_mag
0,15.468525110604334
1,16.08251723194138
2,17.029836469364675
3,17.602249221184934
4,18.10801743831146
5,18.263362167200142
6,18.75406677507747
7,19.193525110604334
8,19.438608440604334
9,20.001941780604334
10,20.711941780604334
11,20.86456947271138
12,20.852953332168667
13,21.153905203078395
