mjd,interp_mag
0,16.776116345304246
1,17.390108466641294
2,18.337427704064588
3,18.909840455884847
4,19.415608673011373
5,19.570953401900056
6,20.061658009777382
7,20.501116345304247
8,20.746199675304247
9,21.309533015304247
10,22.019533015304248
11,22.172160707411294
12,22.16054456686858
13,22.461496437778308
