mjd,interp_mag
0,15.370246704520705
1,15.984238825857751
2,16.931558063281045
3,17.503970815101304
4,18.00973903222783
5,18.165083761116513
6,18.65578836899384
7,19.095246704520704
8,19.340330034520704
9,19.903663374520704
10,20.613663374520705
11,20.76629106662775
12,20.754674926085038
13,21.055626796994765
