mjd,interp_mag
0,16.267784614896122
1,16.88177673623317
2,17.829095973656464
3,18.401508725476724
4,18.90727694260325
5,19.062621671491932
6,19.55332627936926
7,19.992784614896124
8,20.237867944896124
9,20.801201284896123
10,21.511201284896124
11,21.66382897700317
12,21.652212836460457
13,21.953164707370185
