mjd,interp_mag
0,15.119002570438044
1,15.73299469177509
2,16.680313929198384
3,17.252726681018643
4,17.75849489814517
5,17.913839627033852
6,18.404544234911178
7,18.844002570438043
8,19.089085900438043
9,19.652419240438043
10,20.362419240438044
11,20.51504693254509
12,20.503430792002376
13,20.804382662912104
