mjd,interp_mag
0,14.201086879524064
1,14.815079000861111
2,15.762398238284403
3,16.334810990104664
4,16.84057920723119
5,16.995923936119873
6,17.4866285439972
7,17.926086879524064
8,18.171170209524064
9,18.734503549524064
10,19.444503549524065
11,19.59713124163111
12,19.585515101088397
13,19.886466971998125
