mjd,interp_mag
0,11.251059672546974
1,11.865051793884021
2,12.812371031307313
3,13.384783783127574
4,13.8905520002541
5,14.04589672914278
6,14.536601337020107
7,14.976059672546974
8,15.221143002546974
9,15.784476342546974
10,16.494476342546974
11,16.64710403465402
12,16.635487894111307
13,16.936439765021035
