mjd,interp_mag
0,17.438970630851266
1,18.052962752188314
2,19.000281989611608
3,19.572694741431867
4,20.078462958558394
5,20.233807687447076
6,20.724512295324402
7,21.163970630851267
8,21.409053960851267
9,21.972387300851267
10,22.682387300851268
11,22.835014992958314
12,22.8233988524156
13,23.12435072332533
