mjd,interp_mag
0,16.46343587072569
1,17.077427992062738
2,18.02474722948603
3,18.59715998130629
4,19.102928198432817
5,19.2582729273215
6,19.748977535198826
7,20.18843587072569
8,20.43351920072569
9,20.99685254072569
10,21.70685254072569
11,21.859480232832738
12,21.847864092290024
13,22.148815963199752
