mjd,interp_mag
0,17.64135019336687
1,18.255342314703917
2,19.20266155212721
3,19.77507430394747
4,20.280842521073996
5,20.43618724996268
6,20.926891857840005
7,21.36635019336687
8,21.61143352336687
9,22.17476686336687
10,22.88476686336687
11,23.037394555473917
12,23.025778414931203
13,23.32673028584093
