mjd,interp_mag
0,17.083226667862007
1,17.697218789199056
2,18.64453802662235
3,19.21695077844261
4,19.722718995569135
5,19.878063724457817
6,20.368768332335144
7,20.80822666786201
8,21.05330999786201
9,21.61664333786201
10,22.32664333786201
11,22.479271029969055
12,22.467654889426342
13,22.76860676033607
