mjd,interp_mag
0,16.044828463532525
1,16.658820584869574
2,17.606139822292867
3,18.178552574113127
4,18.684320791239653
5,18.839665520128335
6,19.33037012800566
7,19.769828463532527
8,20.014911793532526
9,20.578245133532526
10,21.288245133532527
11,21.440872825639573
12,21.42925668509686
13,21.730208556006588
