mjd,interp_mag
0,18.042472344733447
1,18.656464466070496
2,19.60378370349379
3,20.17619645531405
4,20.681964672440575
5,20.837309401329257
6,21.328014009206584
7,21.76747234473345
8,22.01255567473345
9,22.57588901473345
10,23.28588901473345
11,23.438516706840495
12,23.426900566297782
13,23.72785243720751
