mjd,interp_mag
0,16.64257878041284
1,17.25657090174989
2,18.203890139173183
3,18.776302890993442
4,19.28207110811997
5,19.43741583700865
6,19.928120444885977
7,20.367578780412842
8,20.612662110412842
9,21.17599545041284
10,21.885995450412842
11,22.03862314251989
12,22.027007001977175
13,22.327958872886903
