mjd,interp_mag
0,16.842513971872762
1,17.45650609320981
2,18.403825330633104
3,18.976238082453364
4,19.48200629957989
5,19.637351028468572
6,20.1280556363459
7,20.567513971872764
8,20.812597301872763
9,21.375930641872763
10,22.085930641872764
11,22.23855833397981
12,22.226942193437097
13,22.527894064346825
