mjd,interp_mag
0,16.109285209229647
1,16.723277330566695
2,17.67059656798999
3,18.24300931981025
4,18.748777536936775
5,18.904122265825457
6,19.394826873702783
7,19.834285209229648
8,20.079368539229648
9,20.642701879229648
10,21.35270187922965
11,21.505329571336695
12,21.49371343079398
13,21.79466530170371
