mjd,interp_mag
0,17.737358314723465
1,18.351350436060514
2,19.298669673483808
3,19.871082425304067
4,20.376850642430593
5,20.532195371319276
6,21.022899979196602
7,21.462358314723467
8,21.707441644723467
9,22.270774984723467
10,22.980774984723467
11,23.133402676830514
12,23.1217865362878
13,23.422738407197528
