mjd,interp_mag
0,16.894648157809023
1,17.50864027914607
2,18.455959516569365
3,19.028372268389624
4,19.53414048551615
5,19.689485214404833
6,20.18018982228216
7,20.619648157809024
8,20.864731487809024
9,21.428064827809024
10,22.138064827809025
11,22.29069251991607
12,22.279076379373357
13,22.580028250283085
