mjd,interp_mag
0,16.84985267151677
1,17.46384479285382
2,18.411164030277114
3,18.983576782097373
4,19.4893449992239
5,19.64468972811258
6,20.135394335989908
7,20.574852671516773
8,20.819936001516773
9,21.383269341516772
10,22.093269341516773
11,22.24589703362382
12,22.234280893081106
13,22.535232763990834
