mjd,interp_mag
0,17.62267686025094
1,18.23666898158799
2,19.183988219011283
3,19.756400970831542
4,20.26216918795807
5,20.41751391684675
6,20.908218524724077
7,21.347676860250942
8,21.592760190250942
9,22.156093530250942
10,22.866093530250943
11,23.01872122235799
12,23.007105081815276
13,23.308056952725003
