mjd,interp_mag
0,14.464117255357019
1,15.078109376694066
2,16.02542861411736
3,16.59784136593762
4,17.103609583064145
5,17.258954311952827
6,17.749658919830154
7,18.18911725535702
8,18.43420058535702
9,18.99753392535702
10,19.70753392535702
11,19.860161617464065
12,19.848545476921352
13,20.14949734783108
