mjd,interp_mag
0,12.721649616393586
1,13.335641737730633
2,14.282960975153925
3,14.855373726974186
4,15.361141944100712
5,15.516486672989393
6,16.00719128086672
7,16.446649616393586
8,16.691732946393586
9,17.255066286393586
10,17.965066286393586
11,18.117693978500633
12,18.10607783795792
13,18.407029708867647
