mjd,interp_mag
0,17.824818568964254
1,18.438810690301302
2,19.386129927724596
3,19.958542679544856
4,20.464310896671382
5,20.619655625560064
6,21.11036023343739
7,21.549818568964255
8,21.794901898964255
9,22.358235238964255
10,23.068235238964256
11,23.220862931071302
12,23.20924679052859
13,23.510198661438316
