mjd,interp_mag
0,16.846222972236234
1,17.460215093573282
2,18.407534330996576
3,18.979947082816835
4,19.48571529994336
5,19.641060028832044
6,20.13176463670937
7,20.571222972236235
8,20.816306302236235
9,21.379639642236235
10,22.089639642236236
11,22.242267334343282
12,22.23065119380057
13,22.531603064710296
