mjd,interp_mag
0,17.27511346410205
1,17.889105585439097
2,18.83642482286239
3,19.40883757468265
4,19.914605791809176
5,20.06995052069786
6,20.560655128575185
7,21.00011346410205
8,21.24519679410205
9,21.80853013410205
10,22.51853013410205
11,22.671157826209097
12,22.659541685666383
13,22.96049355657611
