mjd,interp_mag
0,16.632386748988218
1,17.246378870325266
2,18.19369810774856
3,18.76611085956882
4,19.271879076695345
5,19.427223805584028
6,19.917928413461354
7,20.35738674898822
8,20.60247007898822
9,21.16580341898822
10,21.87580341898822
11,22.028431111095266
12,22.016814970552552
13,22.31776684146228
