mjd,interp_mag
0,16.352462542811324
1,16.966454664148372
2,17.913773901571666
3,18.486186653391925
4,18.99195487051845
5,19.147299599407134
6,19.63800420728446
7,20.077462542811325
8,20.322545872811325
9,20.885879212811325
10,21.595879212811326
11,21.748506904918372
12,21.73689076437566
13,22.037842635285386
