mjd,interp_mag
0,12.712342890879833
1,13.32633501221688
2,14.273654249640172
3,14.846067001460433
4,15.35183521858696
5,15.50717994747564
6,15.997884555352966
7,16.437342890879833
8,16.682426220879833
9,17.245759560879833
10,17.955759560879834
11,18.10838725298688
12,18.096771112444166
13,18.397722983353894
