mjd,interp_mag
0,14.569807969539498
1,15.183800090876545
2,16.13111932829984
3,16.703532080120098
4,17.209300297246624
5,17.364645026135307
6,17.855349634012633
7,18.294807969539498
8,18.539891299539498
9,19.103224639539498
10,19.8132246395395
11,19.965852331646545
12,19.95423619110383
13,20.25518806201356
