mjd,interp_mag
0,16.605756772536935
1,17.219748893873984
2,18.167068131297277
3,18.739480883117537
4,19.245249100244063
5,19.400593829132745
6,19.89129843701007
7,20.330756772536937
8,20.575840102536937
9,21.139173442536936
10,21.849173442536937
11,22.001801134643983
12,21.99018499410127
13,22.291136865010998
