mjd,interp_mag
0,17.79535512000279
1,18.409347241339837
2,19.35666647876313
3,19.92907923058339
4,20.434847447709917
5,20.5901921765986
6,21.080896784475925
7,21.52035512000279
8,21.76543845000279
9,22.32877179000279
10,23.03877179000279
11,23.191399482109837
12,23.179783341567124
13,23.48073521247685
