mjd,interp_mag
0,17.68528030676326
1,18.29927242810031
2,19.246591665523603
3,19.819004417343862
4,20.32477263447039
5,20.48011736335907
6,20.970821971236397
7,21.410280306763262
8,21.655363636763262
9,22.218696976763262
10,22.928696976763263
11,23.08132466887031
12,23.069708528327595
13,23.370660399237323
