mjd,interp_mag
0,16.589310485635124
1,17.203302606972173
2,18.150621844395467
3,18.723034596215726
4,19.228802813342252
5,19.384147542230934
6,19.87485215010826
7,20.314310485635126
8,20.559393815635126
9,21.122727155635125
10,21.832727155635126
11,21.985354847742173
12,21.97373870719946
13,22.274690578109187
