mjd,interp_mag
0,17.990846139192385
1,18.604838260529434
2,19.552157497952727
3,20.124570249772987
4,20.630338466899513
5,20.785683195788195
6,21.27638780366552
7,21.715846139192386
8,21.960929469192386
9,22.524262809192386
10,23.234262809192387
11,23.386890501299433
12,23.37527436075672
13,23.676226231666448
