mjd,interp_mag
0,17.990802604927467
1,18.604794726264515
2,19.55211396368781
3,20.12452671550807
4,20.630294932634595
5,20.785639661523277
6,21.276344269400603
7,21.715802604927468
8,21.960885934927468
9,22.524219274927468
10,23.23421927492747
11,23.386846967034515
12,23.3752308264918
13,23.67618269740153
