mjd,interp_mag
0,16.19159207950922
1,16.80558420084627
2,17.752903438269563
3,18.325316190089822
4,18.83108440721635
5,18.98642913610503
6,19.477133743982357
7,19.916592079509222
8,20.161675409509222
9,20.72500874950922
10,21.435008749509223
11,21.58763644161627
12,21.576020301073555
13,21.876972171983283
