mjd,interp_mag
0,15.985287061588815
1,16.599279182925862
2,17.546598420349156
3,18.119011172169415
4,18.62477938929594
5,18.780124118184624
6,19.27082872606195
7,19.710287061588815
8,19.955370391588815
9,20.518703731588815
10,21.228703731588816
11,21.381331423695862
12,21.36971528315315
13,21.670667154062876
