mjd,interp_mag
0,9.673768317145756
1,10.287760438482803
2,11.235079675906094
3,11.807492427726356
4,12.313260644852882
5,12.468605373741562
6,12.959309981618889
7,13.398768317145755
8,13.643851647145755
9,14.207184987145755
10,14.917184987145754
11,15.069812679252802
12,15.058196538710089
13,15.359148409619817
