mjd,interp_mag
0,11.883735474319751
1,12.497727595656798
2,13.44504683308009
3,14.017459584900351
4,14.523227802026877
5,14.678572530915558
6,15.169277138792884
7,15.60873547431975
8,15.85381880431975
9,16.41715214431975
10,17.12715214431975
11,17.279779836426798
12,17.268163695884084
13,17.569115566793812
