mjd,interp_mag
0,16.49648661347289
1,17.110478734809938
2,18.05779797223323
3,18.63021072405349
4,19.135978941180017
5,19.2913236700687
6,19.782028277946026
7,20.22148661347289
8,20.46656994347289
9,21.02990328347289
10,21.73990328347289
11,21.892530975579938
12,21.880914835037224
13,22.181866705946952
