mjd,interp_mag
0,17.006131697383175
1,17.620123818720224
2,18.567443056143517
3,19.139855807963777
4,19.645624025090303
5,19.800968753978985
6,20.29167336185631
7,20.731131697383177
8,20.976215027383176
9,21.539548367383176
10,22.249548367383177
11,22.402176059490223
12,22.39055991894751
13,22.691511789857238
