mjd,interp_mag
0,17.980127219227292
1,18.59411934056434
2,19.541438577987634
3,20.113851329807893
4,20.61961954693442
5,20.774964275823102
6,21.265668883700428
7,21.705127219227293
8,21.950210549227293
9,22.513543889227293
10,23.223543889227294
11,23.37617158133434
12,23.364555440791626
13,23.665507311701354
