mjd,interp_mag
0,12.21646440809302
1,12.830456529430066
2,13.777775766853358
3,14.350188518673619
4,14.855956735800145
5,15.011301464688826
6,15.502006072566152
7,15.941464408093019
8,16.18654773809302
9,16.74988107809302
10,17.45988107809302
11,17.612508770200066
12,17.600892629657352
13,17.90184450056708
