mjd,interp_mag
0,6.018092102509554
1,6.632084223846601
2,7.579403461269893
3,8.151816213090154
4,8.65758443021668
5,8.81292915910536
6,9.303633766982687
7,9.743092102509554
8,9.988175432509554
9,10.551508772509553
10,11.261508772509552
11,11.4141364646166
12,11.402520324073887
13,11.703472194983615
