mjd,interp_mag
0,17.58598845500544
1,18.19998057634249
2,19.147299813765784
3,19.719712565586043
4,20.22548078271257
5,20.38082551160125
6,20.871530119478578
7,21.310988455005443
8,21.556071785005443
9,22.119405125005443
10,22.829405125005444
11,22.98203281711249
12,22.970416676569776
13,23.271368547479504
