mjd,interp_mag
0,17.737972605291425
1,18.351964726628474
2,19.299283964051767
3,19.871696715872027
4,20.377464932998553
5,20.532809661887235
6,21.02351426976456
7,21.462972605291426
8,21.708055935291426
9,22.271389275291426
10,22.981389275291427
11,23.134016967398473
12,23.12240082685576
13,23.423352697765488
