mjd,interp_mag
0,17.19564241493233
1,17.809634536269378
2,18.756953773692672
3,19.32936652551293
4,19.835134742639458
5,19.99047947152814
6,20.481184079405466
7,20.92064241493233
8,21.16572574493233
9,21.72905908493233
10,22.43905908493233
11,22.591686777039378
12,22.580070636496664
13,22.881022507406392
