mjd,interp_mag
0,16.45824388143052
1,17.072236002767568
2,18.01955524019086
3,18.59196799201112
4,19.097736209137647
5,19.25308093802633
6,19.743785545903656
7,20.18324388143052
8,20.42832721143052
9,20.99166055143052
10,21.70166055143052
11,21.854288243537567
12,21.842672102994854
13,22.14362397390458
