mjd,interp_mag
0,6.510488894283805
1,7.124481015620852
2,8.071800253044144
3,8.644213004864405
4,9.149981221990931
5,9.305325950879611
6,9.796030558756938
7,10.235488894283804
8,10.480572224283804
9,11.043905564283804
10,11.753905564283803
11,11.906533256390851
12,11.894917115848138
13,12.195868986757866
