mjd,interp_mag
0,18.00135762483903
1,18.61534974617608
2,19.562668983599373
3,20.135081735419632
4,20.64084995254616
5,20.79619468143484
6,21.286899289312167
7,21.726357624839032
8,21.971440954839032
9,22.534774294839032
10,23.244774294839033
11,23.39740198694608
12,23.385785846403365
13,23.686737717313093
