mjd,interp_mag
0,16.264260870580628
1,16.878252991917677
2,17.82557222934097
3,18.39798498116123
4,18.903753198287756
5,19.05909792717644
6,19.549802535053765
7,19.98926087058063
8,20.23434420058063
9,20.79767754058063
10,21.50767754058063
11,21.660305232687676
12,21.648689092144963
13,21.94964096305469
