mjd,interp_mag
0,17.479288376377802
1,18.09328049771485
2,19.040599735138144
3,19.613012486958404
4,20.11878070408493
5,20.274125432973612
6,20.76483004085094
7,21.204288376377804
8,21.449371706377804
9,22.012705046377803
10,22.722705046377804
11,22.87533273848485
12,22.863716597942137
13,23.164668468851865
