mjd,interp_mag
0,17.489637005037125
1,18.103629126374173
2,19.050948363797467
3,19.623361115617726
4,20.129129332744252
5,20.284474061632935
6,20.77517866951026
7,21.214637005037126
8,21.459720335037126
9,22.023053675037126
10,22.733053675037127
11,22.885681367144173
12,22.87406522660146
13,23.175017097511187
