mjd,interp_mag
0,16.846557142453975
1,17.460549263791023
2,18.407868501214317
3,18.980281253034576
4,19.486049470161102
5,19.641394199049785
6,20.13209880692711
7,20.571557142453976
8,20.816640472453976
9,21.379973812453976
10,22.089973812453977
11,22.242601504561023
12,22.23098536401831
13,22.531937234928037
