mjd,interp_mag
0,14.092320400476838
1,14.706312521813885
2,15.653631759237177
3,16.226044511057438
4,16.731812728183964
5,16.887157457072647
6,17.377862064949973
7,17.817320400476838
8,18.062403730476838
9,18.625737070476838
10,19.33573707047684
11,19.488364762583885
12,19.47674862204117
13,19.7777004929509
