mjd,interp_mag
0,16.955472026990634
1,17.569464148327683
2,18.516783385750976
3,19.089196137571236
4,19.594964354697762
5,19.750309083586444
6,20.24101369146377
7,20.680472026990635
8,20.925555356990635
9,21.488888696990635
10,22.198888696990636
11,22.351516389097682
12,22.33990024855497
13,22.640852119464697
