mjd,interp_mag
0,17.110846728493343
1,17.72483884983039
2,18.672158087253685
3,19.244570839073944
4,19.75033905620047
5,19.905683785089153
6,20.39638839296648
7,20.835846728493344
8,21.080930058493344
9,21.644263398493344
10,22.354263398493345
11,22.50689109060039
12,22.495274950057677
13,22.796226820967405
