mjd,interp_mag
0,17.562735256580766
1,18.176727377917814
2,19.124046615341108
3,19.696459367161367
4,20.202227584287893
5,20.357572313176576
6,20.848276921053902
7,21.287735256580767
8,21.532818586580767
9,22.096151926580767
10,22.806151926580768
11,22.958779618687814
12,22.9471634781451
13,23.248115349054828
