mjd,interp_mag
0,16.241935974206235
1,16.855928095543284
2,17.803247332966578
3,18.375660084786837
4,18.881428301913363
5,19.036773030802046
6,19.527477638679372
7,19.966935974206237
8,20.212019304206237
9,20.775352644206237
10,21.485352644206237
11,21.637980336313284
12,21.62636419577057
13,21.927316066680298
