mjd,interp_mag
0,16.453935624091372
1,17.06792774542842
2,18.015246982851714
3,18.587659734671973
4,19.0934279517985
5,19.248772680687182
6,19.73947728856451
7,20.178935624091373
8,20.424018954091373
9,20.987352294091373
10,21.697352294091374
11,21.84997998619842
12,21.838363845655707
13,22.139315716565434
