mjd,interp_mag
0,16.017147884975202
1,16.63114000631225
2,17.578459243735544
3,18.150871995555804
4,18.65664021268233
5,18.811984941571012
6,19.30268954944834
7,19.742147884975203
8,19.987231214975203
9,20.550564554975203
10,21.260564554975204
11,21.41319224708225
12,21.401576106539537
13,21.702527977449265
