mjd,interp_mag
0,13.217948356883996
1,13.831940478221043
2,14.779259715644335
3,15.351672467464596
4,15.857440684591122
5,16.012785413479804
6,16.50349002135713
7,16.942948356883996
8,17.188031686883996
9,17.751365026883995
10,18.461365026883996
11,18.613992718991042
12,18.60237657844833
13,18.903328449358057
