mjd,interp_mag
0,8.392906989598176
1,9.006899110935223
2,9.954218348358514
3,10.526631100178776
4,11.032399317305302
5,11.187744046193982
6,11.678448654071309
7,12.117906989598175
8,12.362990319598175
9,12.926323659598175
10,13.636323659598174
11,13.788951351705222
12,13.777335211162509
13,14.078287082072237
