mjd,interp_mag
0,16.66128448368717
1,17.275276605024217
2,18.22259584244751
3,18.79500859426777
4,19.300776811394297
5,19.45612154028298
6,19.946826148160305
7,20.38628448368717
8,20.63136781368717
9,21.19470115368717
10,21.90470115368717
11,22.057328845794217
12,22.045712705251503
13,22.34666457616123
