mjd,interp_mag
0,13.490387997975768
1,14.104380119312815
2,15.051699356736107
3,15.624112108556368
4,16.129880325682894
5,16.285225054571576
6,16.775929662448902
7,17.215387997975768
8,17.460471327975768
9,18.023804667975767
10,18.733804667975768
11,18.886432360082814
12,18.8748162195401
13,19.17576809044983
