mjd,interp_mag
0,13.461543014086454
1,14.0755351354235
2,15.022854372846792
3,15.595267124667053
4,16.10103534179358
5,16.256380070682262
6,16.747084678559588
7,17.186543014086453
8,17.431626344086453
9,17.994959684086453
10,18.704959684086454
11,18.8575873761935
12,18.845971235650786
13,19.146923106560514
