mjd,interp_mag
0,16.120944908443064
1,16.734937029780113
2,17.682256267203407
3,18.254669019023666
4,18.760437236150192
5,18.915781965038875
6,19.4064865729162
7,19.845944908443066
8,20.091028238443066
9,20.654361578443066
10,21.364361578443066
11,21.516989270550113
12,21.5053731300074
13,21.806325000917127
