mjd,interp_mag
0,14.166125948865131
1,14.780118070202178
2,15.72743730762547
3,16.29985005944573
4,16.805618276572257
5,16.96096300546094
6,17.451667613338266
7,17.89112594886513
8,18.13620927886513
9,18.69954261886513
10,19.40954261886513
11,19.562170310972178
12,19.550554170429464
13,19.851506041339192
