mjd,interp_mag
0,16.94803648025843
1,17.56202860159548
2,18.509347839018773
3,19.081760590839032
4,19.58752880796556
5,19.74287353685424
6,20.233578144731567
7,20.673036480258432
8,20.918119810258432
9,21.48145315025843
10,22.191453150258432
11,22.34408084236548
12,22.332464701822765
13,22.633416572732493
