mjd,interp_mag
0,18.059346376703836
1,18.673338498040884
2,19.620657735464178
3,20.193070487284437
4,20.698838704410964
5,20.854183433299646
6,21.344888041176972
7,21.784346376703837
8,22.029429706703837
9,22.592763046703837
10,23.302763046703838
11,23.455390738810884
12,23.44377459826817
13,23.7447264691779
