mjd,interp_mag
0,16.40344698200824
1,17.01743910334529
2,17.964758340768583
3,18.537171092588842
4,19.04293930971537
5,19.19828403860405
6,19.688988646481377
7,20.128446982008242
8,20.373530312008242
9,20.936863652008242
10,21.646863652008243
11,21.79949134411529
12,21.787875203572575
13,22.088827074482303
