mjd,interp_mag
0,17.118498358853138
1,17.732490480190187
2,18.67980971761348
3,19.25222246943374
4,19.757990686560266
5,19.913335415448948
6,20.404040023326274
7,20.84349835885314
8,21.08858168885314
9,21.65191502885314
10,22.36191502885314
11,22.514542720960186
12,22.502926580417473
13,22.8038784513272
