mjd,interp_mag
0,12.029179763941963
1,12.64317188527901
2,13.590491122702302
3,14.162903874522563
4,14.66867209164909
5,14.82401682053777
6,15.314721428415096
7,15.754179763941963
8,15.999263093941963
9,16.562596433941962
10,17.272596433941963
11,17.42522412604901
12,17.413607985506296
13,17.714559856416024
