mjd,interp_mag
0,17.926632307896526
1,18.540624429233574
2,19.487943666656868
3,20.060356418477127
4,20.566124635603654
5,20.721469364492336
6,21.212173972369662
7,21.651632307896527
8,21.896715637896527
9,22.460048977896527
10,23.170048977896528
11,23.322676670003574
12,23.31106052946086
13,23.61201240037059
