mjd,interp_mag
0,17.386408722947174
1,18.000400844284222
2,18.947720081707516
3,19.520132833527775
4,20.0259010506543
5,20.181245779542984
6,20.67195038742031
7,21.111408722947175
8,21.356492052947175
9,21.919825392947175
10,22.629825392947176
11,22.78245308505422
12,22.770836944511508
13,23.071788815421236
