mjd,interp_mag
0,14.564061943161436
1,15.178054064498482
2,16.125373301921776
3,16.697786053742036
4,17.203554270868562
5,17.358898999757244
6,17.84960360763457
7,18.289061943161435
8,18.534145273161435
9,19.097478613161435
10,19.807478613161436
11,19.960106305268482
12,19.94849016472577
13,20.249442035635496
