mjd,interp_mag
0,17.690119136329038
1,18.304111257666086
2,19.25143049508938
3,19.82384324690964
4,20.329611464036166
5,20.484956192924848
6,20.975660800802174
7,21.41511913632904
8,21.66020246632904
9,22.22353580632904
10,22.93353580632904
11,23.086163498436086
12,23.074547357893373
13,23.3754992288031
