mjd,interp_mag
0,14.64327525334315
1,15.257267374680197
2,16.20458661210349
3,16.77699936392375
4,17.282767581050276
5,17.43811230993896
6,17.928816917816285
7,18.36827525334315
8,18.61335858334315
9,19.17669192334315
10,19.88669192334315
11,20.039319615450196
12,20.027703474907483
13,20.32865534581721
