mjd,interp_mag
0,15.651934316675623
1,16.26592643801267
2,17.213245675435964
3,17.785658427256223
4,18.29142664438275
5,18.44677137327143
6,18.937475981148758
7,19.376934316675623
8,19.622017646675623
9,20.185350986675623
10,20.895350986675624
11,21.04797867878267
12,21.036362538239956
13,21.337314409149684
