mjd,interp_mag
0,13.433854513811122
1,14.047846635148169
2,14.99516587257146
3,15.567578624391722
4,16.073346841518248
5,16.22869157040693
6,16.719396178284256
7,17.15885451381112
8,17.40393784381112
9,17.96727118381112
10,18.677271183811122
11,18.82989887591817
12,18.818282735375455
13,19.119234606285183
