mjd,interp_mag
0,17.656472053774124
1,18.270464175111172
2,19.217783412534466
3,19.790196164354725
4,20.29596438148125
5,20.451309110369934
6,20.94201371824726
7,21.381472053774125
8,21.626555383774125
9,22.189888723774125
10,22.899888723774126
11,23.052516415881172
12,23.04090027533846
13,23.341852146248186
