mjd,interp_mag
0,16.66651696706053
1,17.28050908839758
2,18.227828325820873
3,18.800241077641132
4,19.30600929476766
5,19.46135402365634
6,19.952058631533667
7,20.391516967060532
8,20.636600297060532
9,21.199933637060532
10,21.909933637060533
11,22.06256132916758
12,22.050945188624866
13,22.351897059534593
