mjd,interp_mag
0,13.617693762568928
1,14.231685883905975
2,15.179005121329267
3,15.751417873149528
4,16.257186090276054
5,16.412530819164736
6,16.903235427042063
7,17.342693762568928
8,17.587777092568928
9,18.151110432568927
10,18.86111043256893
11,19.013738124675974
12,19.00212198413326
13,19.30307385504299
