mjd,interp_mag
0,17.115809309582694
1,17.729801430919743
2,18.677120668343036
3,19.249533420163296
4,19.755301637289822
5,19.910646366178504
6,20.40135097405583
7,20.840809309582696
8,21.085892639582696
9,21.649225979582695
10,22.359225979582696
11,22.511853671689742
12,22.50023753114703
13,22.801189402056757
