mjd,interp_mag
0,17.98230252111425
1,18.596294642451298
2,19.54361387987459
3,20.11602663169485
4,20.621794848821377
5,20.77713957771006
6,21.267844185587386
7,21.70730252111425
8,21.95238585111425
9,22.51571919111425
10,23.22571919111425
11,23.378346883221298
12,23.366730742678584
13,23.667682613588312
