mjd,interp_mag
0,17.880919104833346
1,18.494911226170395
2,19.44223046359369
3,20.014643215413948
4,20.520411432540474
5,20.675756161429156
6,21.166460769306482
7,21.605919104833347
8,21.851002434833347
9,22.414335774833347
10,23.124335774833348
11,23.276963466940394
12,23.26534732639768
13,23.56629919730741
