mjd,interp_mag
0,16.03177313992957
1,16.645765261266618
2,17.59308449868991
3,18.16549725051017
4,18.671265467636697
5,18.82661019652538
6,19.317314804402706
7,19.75677313992957
8,20.00185646992957
9,20.56518980992957
10,21.27518980992957
11,21.427817502036618
12,21.416201361493904
13,21.717153232403632
