mjd,interp_mag
0,15.225714249584913
1,15.83970637092196
2,16.787025608345253
3,17.359438360165512
4,17.86520657729204
5,18.02055130618072
6,18.511255914058047
7,18.950714249584912
8,19.195797579584912
9,19.759130919584912
10,20.469130919584913
11,20.62175861169196
12,20.610142471149246
13,20.911094342058973
