mjd_overlap,recovered_mag
599.0,17.463660210826475
600.0,18.077652332163524
