mjd_overlap,recovered_mag
1336.0,17.371966297307324
1337.0,17.985958418644373
