mjd_overlap,recovered_mag
869.0,17.464412707550395
870.0,18.078404828887447
