mjd_overlap,recovered_mag
598.0,17.007007586361937
599.0,17.620999707698985
