mjd_overlap,recovered_mag
399.0,16.071182941415028
401.0,17.632494300175377
403.0,18.71067526912216
