mjd_overlap,recovered_mag
1059.0,17.198080381300162
1060.0,17.812072502637207
