mjd_overlap,recovered_mag
18,16.49403336417776
22,18.674878299436518
