mjd_overlap,recovered_mag
290,16.990058366527137
292,18.50979035577069
