mjd_overlap,recovered_mag
246,16.45578083996022
248,17.975512829203772
250,18.63662577521898
