mjd_overlap,recovered_mag
38,14.35120257627746
40,15.9125139350378
44,17.636744240750595
46,18.32128590627746
