mjd,interp_mag
0,17.387800322361365
1,18.001792443698413
2,18.949111681121707
3,19.52152443294196
4,20.027292650068492
5,20.18263737895717
6,20.673341986834497
7,21.112800322361366
8,21.357883652361366
9,21.921216992361362
10,22.631216992361367
11,22.783844684468413
12,22.7722285439257
13,23.07318041483543
