mjd,interp_mag
0,18.22146824188127
1,18.835460363218317
2,19.78277960064161
3,20.355192352461863
4,20.860960569588396
5,21.016305298477075
6,21.5070099063544
7,21.94646824188127
8,22.19155157188127
9,22.754884911881266
10,23.46488491188127
11,23.617512603988317
12,23.605896463445603
13,23.906848334355335
