mjd,interp_mag
0,17.773116345304246
1,18.387108466641294
2,19.334427704064588
3,19.90684045588484
4,20.412608673011373
5,20.567953401900052
6,21.05865800977738
7,21.498116345304247
8,21.743199675304247
9,22.306533015304243
10,23.016533015304248
11,23.169160707411294
12,23.15754456686858
13,23.45849643777831
