mjd,interp_mag
0,18.15038557869589
1,18.764377700032938
2,19.71169693745623
3,20.284109689276484
4,20.789877906403017
5,20.945222635291696
6,21.435927243169022
7,21.87538557869589
8,22.12046890869589
9,22.683802248695887
10,23.39380224869589
11,23.546429940802938
12,23.534813800260224
13,23.835765671169955
