mjd,interp_mag
0,17.18859207950922
1,17.80258420084627
2,18.749903438269563
3,19.322316190089815
4,19.82808440721635
5,19.983429136105027
6,20.474133743982353
7,20.913592079509222
8,21.15867540950922
9,21.722008749509218
10,22.432008749509222
11,22.58463644161627
12,22.573020301073555
13,22.873972171983286
