mjd,interp_mag
0,15.721339829267821
1,16.335331950604868
2,17.28265118802816
3,17.855063939848414
4,18.360832156974947
5,18.516176885863626
6,19.006881493740952
7,19.44633982926782
8,19.69142315926782
9,20.254756499267817
10,20.96475649926782
11,21.117384191374867
12,21.105768050832154
13,21.406719921741885
