mjd,interp_mag
0,16.188378993689604
1,16.802371115026652
2,17.749690352449946
3,18.322103104270198
4,18.82787132139673
5,18.98321605028541
6,19.473920658162736
7,19.913378993689605
8,20.158462323689605
9,20.7217956636896
10,21.431795663689606
11,21.584423355796652
12,21.57280721525394
13,21.87375908616367
