mjd,interp_mag
0,17.117944908443064
1,17.731937029780113
2,18.679256267203407
3,19.25166901902366
4,19.757437236150192
5,19.91278196503887
6,20.403486572916197
7,20.842944908443066
8,21.088028238443066
9,21.651361578443062
10,22.361361578443066
11,22.513989270550113
12,22.5023731300074
13,22.80332500091713
