mjd,interp_mag
0,18.877919104833346
1,19.491911226170394
2,20.439230463593688
3,21.01164321541394
4,21.517411432540474
5,21.672756161429152
6,22.16346076930648
7,22.602919104833347
8,22.848002434833347
9,23.411335774833343
10,24.121335774833348
11,24.273963466940394
12,24.26234732639768
13,24.563299197307412
