mjd,interp_mag
0,15.958604371796016
1,16.572596493133062
2,17.519915730556356
3,18.092328482376608
4,18.59809669950314
5,18.75344142839182
6,19.244146036269147
7,19.683604371796015
8,19.928687701796015
9,20.49202104179601
10,21.202021041796016
11,21.354648733903062
12,21.34303259336035
13,21.64398446427008
