mjd,interp_mag
0,16.77466647094073
1,17.38865859227778
2,18.335977829701072
3,18.908390581521324
4,19.414158798647858
5,19.569503527536536
6,20.060208135413863
7,20.49966647094073
8,20.74474980094073
9,21.308083140940727
10,22.018083140940732
11,22.170710833047778
12,22.159094692505064
13,22.460046563414796
