mjd,interp_mag
0,18.800860346641173
1,19.41485246797822
2,20.362171705401515
3,20.934584457221767
4,21.4403526743483
5,21.59569740323698
6,22.086402011114306
7,22.525860346641174
8,22.770943676641174
9,23.33427701664117
10,24.044277016641175
11,24.19690470874822
12,24.185288568205507
13,24.48624043911524
