mjd,interp_mag
0,18.331285537141298
1,18.945277658478346
2,19.89259689590164
3,20.465009647721892
4,20.970777864848426
5,21.126122593737104
6,21.61682720161443
7,22.0562855371413
8,22.3013688671413
9,22.864702207141296
10,23.5747022071413
11,23.727329899248346
12,23.715713758705633
13,24.016665629615364
