mjd,interp_mag
0,18.987802604927467
1,19.601794726264515
2,20.54911396368781
3,21.12152671550806
4,21.627294932634594
5,21.782639661523273
6,22.2733442694006
7,22.712802604927468
8,22.957885934927468
9,23.521219274927464
10,24.23121927492747
11,24.383846967034515
12,24.3722308264918
13,24.673182697401533
