mjd,interp_mag
0,18.734358314723465
1,19.348350436060514
2,20.295669673483808
3,20.86808242530406
4,21.373850642430593
5,21.529195371319272
6,22.019899979196598
7,22.459358314723467
8,22.704441644723467
9,23.267774984723463
10,23.977774984723467
11,24.130402676830514
12,24.1187865362878
13,24.41973840719753
