mjd,interp_mag
0,11.294987796407584
1,11.908979917744633
2,12.856299155167923
3,13.428711906988179
4,13.93448012411471
5,14.089824853003389
6,14.580529460880715
7,15.019987796407584
8,15.265071126407582
9,15.82840446640758
10,16.538404466407584
11,16.69103215851463
12,16.679416017971917
13,16.98036788888165
