mjd,interp_mag
0,18.576528849802123
1,19.190520971139172
2,20.137840208562466
3,20.710252960382718
4,21.21602117750925
5,21.37136590639793
6,21.862070514275256
7,22.301528849802125
8,22.546612179802125
9,23.10994551980212
10,23.819945519802125
11,23.97257321190917
12,23.960957071366458
13,24.26190894227619
