mjd,interp_mag
0,17.264784614896122
1,17.87877673623317
2,18.826095973656464
3,19.398508725476717
4,19.90427694260325
5,20.05962167149193
6,20.550326279369255
7,20.989784614896124
8,21.234867944896124
9,21.79820128489612
10,22.508201284896124
11,22.66082897700317
12,22.649212836460457
13,22.950164707370188
