mjd,interp_mag
0,18.13047033555634
1,18.744462456893388
2,19.69178169431668
3,20.264194446136933
4,20.769962663263467
5,20.925307392152146
6,21.416012000029472
7,21.85547033555634
8,22.10055366555634
9,22.663887005556337
10,23.37388700555634
11,23.526514697663387
12,23.514898557120674
13,23.815850428030405
