mjd,interp_mag
0,14.430854513811122
1,15.04484663514817
2,15.99216587257146
3,16.564578624391714
4,17.070346841518248
5,17.225691570406926
6,17.716396178284253
7,18.15585451381112
8,18.40093784381112
9,18.964271183811118
10,19.674271183811122
11,19.826898875918168
12,19.815282735375455
13,20.116234606285186
