mjd,interp_mag
0,18.08713163759974
1,18.701123758936788
2,19.64844299636008
3,20.220855748180334
4,20.726623965306867
5,20.881968694195546
6,21.372673302072872
7,21.81213163759974
8,22.05721496759974
9,22.620548307599737
10,23.33054830759974
11,23.483175999706788
12,23.471559859164074
13,23.772511730073806
