mjd,interp_mag
0,16.378215384086957
1,16.992207505424005
2,17.9395267428473
3,18.51193949466755
4,19.017707711794085
5,19.173052440682763
6,19.66375704856009
7,20.10321538408696
8,20.34829871408696
9,20.911632054086954
10,21.62163205408696
11,21.774259746194005
12,21.76264360565129
13,22.063595476561023
