mjd,interp_mag
0,7.507488894283805
1,8.121481015620853
2,9.068800253044143
3,9.6412130048644
4,10.14698122199093
5,10.30232595087961
6,10.793030558756936
7,11.232488894283804
8,11.477572224283803
9,12.0409055642838
10,12.750905564283803
11,12.90353325639085
12,12.891917115848136
13,13.192868986757869
