mjd,interp_mag
0,18.634192303823824
1,19.248184425160872
2,20.195503662584166
3,20.767916414404418
4,21.27368463153095
5,21.42902936041963
6,21.919733968296956
7,22.359192303823825
8,22.604275633823825
9,23.16760897382382
10,23.877608973823826
11,24.03023666593087
12,24.018620525388158
13,24.31957239629789
