mjd,interp_mag
0,12.248059672546974
1,12.862051793884023
2,13.809371031307313
3,14.381783783127569
4,14.8875520002541
5,15.042896729142779
6,15.533601337020105
7,15.973059672546974
8,16.218143002546974
9,16.78147634254697
10,17.491476342546974
11,17.64410403465402
12,17.632487894111307
13,17.93343976502104
