mjd,interp_mag
0,14.532437482162438
1,15.146429603499486
2,16.09374884092278
3,16.66616159274303
4,17.171929809869564
5,17.327274538758243
6,17.81797914663557
7,18.257437482162437
8,18.502520812162437
9,19.065854152162434
10,19.775854152162438
11,19.928481844269484
12,19.91686570372677
13,20.217817574636502
