mjd,interp_mag
0,18.70187787271307
1,19.315869994050118
2,20.26318923147341
3,20.835601983293664
4,21.341370200420197
5,21.496714929308876
6,21.987419537186202
7,22.42687787271307
8,22.67196120271307
9,23.235294542713067
10,23.94529454271307
11,24.097922234820118
12,24.086306094277404
13,24.387257965187136
