mjd,interp_mag
0,16.308852565429433
1,16.92284468676648
2,17.870163924189775
3,18.442576676010027
4,18.94834489313656
5,19.10368962202524
6,19.594394229902566
7,20.033852565429434
8,20.278935895429434
9,20.84226923542943
10,21.552269235429435
11,21.70489692753648
12,21.693280786993768
13,21.9942326579035
