mjd,interp_mag
0,18.51617260690503
1,19.13016472824208
2,20.077483965665373
3,20.649896717485625
4,21.155664934612158
5,21.311009663500837
6,21.801714271378163
7,22.24117260690503
8,22.48625593690503
9,23.049589276905028
10,23.759589276905032
11,23.91221696901208
12,23.900600828469365
13,24.201552699379096
