mjd,interp_mag
0,13.709342890879833
1,14.323335012216882
2,15.270654249640172
3,15.843067001460428
4,16.34883521858696
5,16.504179947475638
6,16.994884555352964
7,17.434342890879833
8,17.679426220879833
9,18.24275956087983
10,18.952759560879834
11,19.10538725298688
12,19.093771112444166
13,19.394722983353898
