mjd,interp_mag
0,18.574573456909924
1,19.188565578246973
2,20.135884815670266
3,20.70829756749052
4,21.214065784617052
5,21.36941051350573
6,21.860115121383057
7,22.299573456909926
8,22.544656786909925
9,23.10799012690992
10,23.817990126909926
11,23.970617819016972
12,23.95900167847426
13,24.25995354938399
