mjd,interp_mag
0,14.214948356883996
1,14.828940478221044
2,15.776259715644334
3,16.34867246746459
4,16.854440684591122
5,17.0097854134798
6,17.500490021357127
7,17.939948356883995
8,18.185031686883995
9,18.74836502688399
10,19.458365026883996
11,19.610992718991042
12,19.59937657844833
13,19.90032844935806
