mjd,interp_mag
0,16.367246704520703
1,16.98123882585775
2,17.928558063281045
3,18.500970815101297
4,19.00673903222783
5,19.16208376111651
6,19.652788368993836
7,20.092246704520704
8,20.337330034520704
9,20.9006633745207
10,21.610663374520705
11,21.76329106662775
12,21.751674926085037
13,22.05262679699477
