mjd,interp_mag
0,18.015264895678648
1,18.629257017015696
2,19.57657625443899
3,20.148989006259242
4,20.654757223385776
5,20.810101952274454
6,21.30080656015178
7,21.74026489567865
8,21.98534822567865
9,22.548681565678645
10,23.25868156567865
11,23.411309257785696
12,23.399693117242983
13,23.700644988152714
