mjd,interp_mag
0,17.041828463532525
1,17.655820584869574
2,18.603139822292867
3,19.17555257411312
4,19.681320791239653
5,19.83666552012833
6,20.327370128005658
7,20.766828463532526
8,21.011911793532526
9,21.575245133532523
10,22.285245133532527
11,22.437872825639573
12,22.42625668509686
13,22.72720855600659
