mjd,interp_mag
0,18.24982801497068
1,18.86382013630773
2,19.811139373731024
3,20.383552125551276
4,20.88932034267781
5,21.044665071566488
6,21.535369679443814
7,21.974828014970683
8,22.219911344970683
9,22.78324468497068
10,23.493244684970684
11,23.64587237707773
12,23.634256236535016
13,23.935208107444748
