mjd,interp_mag
0,18.68228030676326
1,19.29627242810031
2,20.243591665523603
3,20.816004417343855
4,21.32177263447039
5,21.477117363359067
6,21.967821971236393
7,22.407280306763262
8,22.652363636763262
9,23.215696976763258
10,23.925696976763263
11,24.07832466887031
12,24.066708528327595
13,24.367660399237327
