mjd,interp_mag
0,9.389906989598176
1,10.003899110935224
2,10.951218348358514
3,11.52363110017877
4,12.029399317305302
5,12.18474404619398
6,12.675448654071307
7,13.114906989598175
8,13.359990319598174
9,13.923323659598172
10,14.633323659598174
11,14.78595135170522
12,14.774335211162507
13,15.07528708207224
