mjd,interp_mag
0,18.886569072263235
1,19.500561193600284
2,20.447880431023577
3,21.02029318284383
4,21.526061399970363
5,21.68140612885904
6,22.172110736736368
7,22.611569072263237
8,22.856652402263236
9,23.419985742263233
10,24.129985742263237
11,24.282613434370283
12,24.27099729382757
13,24.5719491647373
