mjd,interp_mag
0,16.974406776054515
1,17.588398897391563
2,18.535718134814857
3,19.10813088663511
4,19.613899103761643
5,19.76924383265032
6,20.259948440527648
7,20.699406776054516
8,20.944490106054516
9,21.507823446054513
10,22.217823446054517
11,22.370451138161563
12,22.35883499761885
13,22.65978686852858
