mjd,interp_mag
0,17.84685267151677
1,18.46084479285382
2,19.408164030277113
3,19.980576782097366
4,20.4863449992239
5,20.641689728112578
6,21.132394335989904
7,21.571852671516773
8,21.816936001516773
9,22.38026934151677
10,23.090269341516773
11,23.24289703362382
12,23.231280893081106
13,23.532232763990837
