mjd,interp_mag
0,17.891648157809023
1,18.50564027914607
2,19.452959516569365
3,20.025372268389617
4,20.53114048551615
5,20.68648521440483
6,21.177189822282156
7,21.616648157809024
8,21.861731487809024
9,22.42506482780902
10,23.135064827809025
11,23.28769251991607
12,23.276076379373357
13,23.57702825028309
