mjd,interp_mag
0,18.549978120484838
1,19.163970241821886
2,20.11128947924518
3,20.683702231065432
4,21.189470448191965
5,21.344815177080644
6,21.83551978495797
7,22.27497812048484
8,22.52006145048484
9,23.083394790484835
10,23.79339479048484
11,23.946022482591886
12,23.934406342049172
13,24.235358212958904
