mjd,interp_mag
0,18.79235512000279
1,19.406347241339837
2,20.35366647876313
3,20.926079230583383
4,21.431847447709917
5,21.587192176598595
6,22.07789678447592
7,22.51735512000279
8,22.76243845000279
9,23.325771790002786
10,24.03577179000279
11,24.188399482109837
12,24.176783341567123
13,24.477735212476855
