mjd,interp_mag
0,17.261260870580628
1,17.875252991917677
2,18.82257222934097
3,19.394984981161222
4,19.900753198287756
5,20.056097927176435
6,20.54680253505376
7,20.98626087058063
8,21.23134420058063
9,21.794677540580626
10,22.50467754058063
11,22.657305232687676
12,22.645689092144963
13,22.946640963054694
