mjd,interp_mag
0,14.232607946677293
1,14.846600068014341
2,15.793919305437631
3,16.366332057257885
4,16.87210027438442
5,17.027445003273098
6,17.518149611150424
7,17.957607946677292
8,18.202691276677292
9,18.76602461667729
10,19.476024616677293
11,19.62865230878434
12,19.617036168241626
13,19.917988039151357
