mjd,interp_mag
0,17.176984828361455
1,17.790976949698504
2,18.738296187121797
3,19.31070893894205
4,19.816477156068583
5,19.97182188495726
6,20.462526492834588
7,20.901984828361456
8,21.147068158361456
9,21.710401498361453
10,22.420401498361457
11,22.573029190468503
12,22.56141304992579
13,22.86236492083552
