mjd,interp_mag
0,18.01123098347402
1,18.62522310481107
2,19.572542342234364
3,20.144955094054616
4,20.65072331118115
5,20.806068040069828
6,21.296772647947154
7,21.736230983474023
8,21.981314313474023
9,22.54464765347402
10,23.254647653474024
11,23.40727534558107
12,23.395659205038356
13,23.696611075948088
