mjd,interp_mag
0,17.629386748988217
1,18.243378870325266
2,19.19069810774856
3,19.763110859568812
4,20.268879076695345
5,20.424223805584024
6,20.91492841346135
7,21.35438674898822
8,21.59947007898822
9,22.162803418988215
10,22.87280341898822
11,23.025431111095266
12,23.013814970552552
13,23.314766841462284
