mjd,interp_mag
0,17.993987212550365
1,18.607979333887414
2,19.555298571310708
3,20.12771132313096
4,20.633479540257493
5,20.788824269146172
6,21.2795288770235
7,21.718987212550367
8,21.964070542550367
9,22.527403882550363
10,23.237403882550367
11,23.390031574657414
12,23.3784154341147
13,23.67936730502443
