mjd,interp_mag
0,17.839513971872762
1,18.45350609320981
2,19.400825330633104
3,19.973238082453356
4,20.47900629957989
5,20.63435102846857
6,21.125055636345895
7,21.564513971872763
8,21.809597301872763
9,22.37293064187276
10,23.082930641872764
11,23.23555833397981
12,23.223942193437097
13,23.524894064346828
