mjd,interp_mag
0,16.529252810521257
1,17.143244931858305
2,18.0905641692816
3,18.66297692110185
4,19.168745138228385
5,19.324089867117063
6,19.81479447499439
7,20.25425281052126
8,20.499336140521258
9,21.062669480521254
10,21.77266948052126
11,21.925297172628305
12,21.91368103208559
13,22.214632902995323
