mjd,interp_mag
0,18.112809309582694
1,18.726801430919743
2,19.674120668343036
3,20.24653342016329
4,20.752301637289822
5,20.9076463661785
6,21.398350974055827
7,21.837809309582696
8,22.082892639582695
9,22.64622597958269
10,23.356225979582696
11,23.508853671689742
12,23.49723753114703
13,23.79818940205676
