mjd,interp_mag
0,18.486637005037124
1,19.100629126374173
2,20.047948363797467
3,20.62036111561772
4,21.126129332744252
5,21.28147406163293
6,21.772178669510257
7,22.211637005037126
8,22.456720335037126
9,23.020053675037122
10,23.730053675037126
11,23.882681367144173
12,23.87106522660146
13,24.17201709751119
