mjd,interp_mag
0,14.487387997975768
1,15.101380119312816
2,16.04869935673611
3,16.62111210855636
4,17.126880325682894
5,17.282225054571573
6,17.7729296624489
7,18.212387997975767
8,18.457471327975767
9,19.020804667975764
10,19.730804667975768
11,19.883432360082814
12,19.8718162195401
13,20.172768090449832
