mjd,interp_mag
0,18.990344711182374
1,19.604336832519422
2,20.551656069942716
3,21.124068821762968
4,21.6298370388895
5,21.78518176777818
6,22.275886375655507
7,22.715344711182375
8,22.960428041182375
9,23.52376138118237
10,24.233761381182376
11,24.386389073289422
12,24.37477293274671
13,24.67572480365644
