mjd,interp_mag
0,17.02877313992957
1,17.642765261266618
2,18.59008449868991
3,19.162497250510164
4,19.668265467636697
5,19.823610196525376
6,20.314314804402702
7,20.75377313992957
8,20.99885646992957
9,21.562189809929567
10,22.27218980992957
11,22.424817502036618
12,22.413201361493904
13,22.714153232403635
