mjd,interp_mag
0,15.089320400476838
1,15.703312521813887
2,16.65063175923718
3,17.22304451105743
4,17.728812728183964
5,17.884157457072643
6,18.37486206494997
7,18.814320400476838
8,19.059403730476838
9,19.622737070476834
10,20.33273707047684
11,20.485364762583885
12,20.47374862204117
13,20.774700492950902
