mjd,interp_mag
0,13.026179763941963
1,13.640171885279011
2,14.587491122702302
3,15.159903874522557
4,15.665672091649089
5,15.821016820537768
6,16.311721428415094
7,16.751179763941963
8,16.996263093941963
9,17.55959643394196
10,18.269596433941963
11,18.42222412604901
12,18.410607985506296
13,18.711559856416027
