mjd,interp_mag
0,15.461117255357019
1,16.075109376694066
2,17.02242861411736
3,17.59484136593761
4,18.100609583064145
5,18.255954311952824
6,18.74665891983015
7,19.18611725535702
8,19.43120058535702
9,19.994533925357015
10,20.70453392535702
11,20.857161617464065
12,20.84554547692135
13,21.146497347831083
