mjd,interp_mag
0,16.465525110604332
1,17.07951723194138
2,18.026836469364675
3,18.599249221184927
4,19.10501743831146
5,19.26036216720014
6,19.751066775077465
7,20.190525110604334
8,20.435608440604334
9,20.99894178060433
10,21.708941780604334
11,21.86156947271138
12,21.849953332168667
13,22.1509052030784
