mjd,interp_mag
0,18.383408722947173
1,18.997400844284222
2,19.944720081707516
3,20.517132833527768
4,21.0229010506543
5,21.17824577954298
6,21.668950387420306
7,22.108408722947175
8,22.353492052947175
9,22.91682539294717
10,23.626825392947175
11,23.77945308505422
12,23.767836944511508
13,24.06878881542124
