mjd,interp_mag
0,17.316003630295896
1,17.929995751632944
2,18.877314989056238
3,19.44972774087649
4,19.955495958003024
5,20.110840686891702
6,20.60154529476903
7,21.041003630295897
8,21.286086960295897
9,21.849420300295893
10,22.559420300295898
11,22.712047992402944
12,22.70043185186023
13,23.001383722769962
