mjd,interp_mag
0,16.22271424958491
1,16.83670637092196
2,17.784025608345253
3,18.356438360165505
4,18.86220657729204
5,19.017551306180717
6,19.508255914058044
7,19.947714249584912
8,20.192797579584912
9,20.75613091958491
10,21.466130919584913
11,21.61875861169196
12,21.607142471149245
13,21.908094342058977
