mjd,interp_mag
0,15.561061943161436
1,16.175054064498482
2,17.122373301921776
3,17.69478605374203
4,18.20055427086856
5,18.35589899975724
6,18.846603607634567
7,19.286061943161435
8,19.531145273161435
9,20.09447861316143
10,20.804478613161436
11,20.957106305268482
12,20.94549016472577
13,21.2464420356355
