mjd,interp_mag
0,18.923632307896526
1,19.537624429233574
2,20.484943666656868
3,21.05735641847712
4,21.563124635603653
5,21.718469364492332
6,22.20917397236966
7,22.648632307896527
8,22.893715637896527
9,23.457048977896523
10,24.167048977896528
11,24.319676670003574
12,24.30806052946086
13,24.60901240037059
