mjd,interp_mag
0,17.843557142453975
1,18.457549263791023
2,19.404868501214317
3,19.97728125303457
4,20.483049470161102
5,20.63839419904978
6,21.129098806927107
7,21.568557142453976
8,21.813640472453976
9,22.376973812453972
10,23.086973812453977
11,23.239601504561023
12,23.22798536401831
13,23.52893723492804
