mjd,interp_mag
0,16.11600257043804
1,16.72999469177509
2,17.677313929198384
3,18.249726681018636
4,18.75549489814517
5,18.910839627033848
6,19.401544234911174
7,19.841002570438043
8,20.086085900438043
9,20.64941924043804
10,21.359419240438044
11,21.51204693254509
12,21.500430792002376
13,21.801382662912108
