mjd,interp_mag
0,17.49348661347289
1,18.107478734809938
2,19.05479797223323
3,19.627210724053484
4,20.132978941180017
5,20.288323670068696
6,20.779028277946022
7,21.21848661347289
8,21.46356994347289
9,22.026903283472887
10,22.73690328347289
11,22.889530975579937
12,22.877914835037224
13,23.178866705946955
