mjd,interp_mag
0,14.981504965297555
1,15.595497086634603
2,16.542816324057895
3,17.115229075878148
4,17.62099729300468
5,17.77634202189336
6,18.267046629770686
7,18.706504965297555
8,18.951588295297555
9,19.51492163529755
10,20.224921635297555
11,20.3775493274046
12,20.365933186861888
13,20.66688505777162
