mjd,interp_mag
0,18.080226667862007
1,18.694218789199056
2,19.64153802662235
3,20.2139507784426
4,20.719718995569135
5,20.875063724457814
6,21.36576833233514
7,21.80522666786201
8,22.05030999786201
9,22.613643337862005
10,23.32364333786201
11,23.476271029969055
12,23.464654889426342
13,23.765606760336073
