mjd,interp_mag
0,18.628249875600076
1,19.242241996937125
2,20.18956123436042
3,20.76197398618067
4,21.267742203307204
5,21.423086932195883
6,21.91379154007321
7,22.353249875600078
8,22.598333205600078
9,23.161666545600074
10,23.87166654560008
11,24.024294237707124
12,24.01267809716441
13,24.313629968074142
