mjd,interp_mag
0,15.198086879524064
1,15.812079000861113
2,16.759398238284405
3,17.331810990104657
4,17.83757920723119
5,17.99292393611987
6,18.483628543997195
7,18.923086879524064
8,19.168170209524064
9,19.73150354952406
10,20.441503549524064
11,20.59413124163111
12,20.582515101088397
13,20.88346697199813
