mjd,interp_mag
0,17.952472026990634
1,18.566464148327682
2,19.513783385750976
3,20.08619613757123
4,20.59196435469776
5,20.74730908358644
6,21.238013691463767
7,21.677472026990635
8,21.922555356990635
9,22.48588869699063
10,23.195888696990636
11,23.348516389097682
12,23.33690024855497
13,23.6378521194647
