mjd,interp_mag
0,17.519577606314947
1,18.133569727651995
2,19.08088896507529
3,19.65330171689554
4,20.159069934022074
5,20.314414662910753
6,20.80511927078808
7,21.244577606314948
8,21.489660936314948
9,22.052994276314944
10,22.76299427631495
11,22.915621968421995
12,22.90400582787928
13,23.204957698789013
