mjd,interp_mag
0,17.349462542811324
1,17.963454664148372
2,18.910773901571666
3,19.48318665339192
4,19.98895487051845
5,20.14429959940713
6,20.635004207284457
7,21.074462542811325
8,21.319545872811325
9,21.88287921281132
10,22.592879212811326
11,22.745506904918372
12,22.73389076437566
13,23.03484263528539
