mjd,interp_mag
0,18.66980577132761
1,19.28379789266466
2,20.231117130087952
3,20.803529881908204
4,21.309298099034738
5,21.464642827923416
6,21.955347435800743
7,22.39480577132761
8,22.63988910132761
9,23.203222441327608
10,23.913222441327612
11,24.065850133434658
12,24.054233992891945
13,24.355185863801676
