mjd,interp_mag
0,10.971059547527394
1,11.585051668864443
2,12.532370906287733
3,13.104783658107989
4,13.61055187523452
5,13.7658966041232
6,14.256601212000525
7,14.696059547527394
8,14.941142877527392
9,15.50447621752739
10,16.21447621752739
11,16.367103909634437
12,16.355487769091724
13,16.65643964000146
