mjd,interp_mag
0,14.639625276080276
1,15.253617397417324
2,16.200936634840616
3,16.77334938666087
4,17.2791176037874
5,17.43446233267608
6,17.925166940553407
7,18.364625276080275
8,18.609708606080275
9,19.17304194608027
10,19.883041946080276
11,20.035669638187322
12,20.02405349764461
13,20.32500536855434
