mjd,interp_mag
0,18.983313527548304
1,19.597305648885353
2,20.544624886308647
3,21.1170376381289
4,21.622805855255432
5,21.77815058414411
6,22.268855192021437
7,22.708313527548306
8,22.953396857548306
9,23.516730197548302
10,24.226730197548306
11,24.379357889655353
12,24.36774174911264
13,24.66869362002237
