mjd,interp_mag
0,17.63957878041284
1,18.25357090174989
2,19.200890139173183
3,19.773302890993435
4,20.279071108119968
5,20.434415837008647
6,20.925120444885973
7,21.36457878041284
8,21.60966211041284
9,22.172995450412838
10,22.882995450412842
11,23.03562314251989
12,23.024007001977175
13,23.324958872886906
