mjd,interp_mag
0,15.944486395741594
1,16.55847851707864
2,17.505797754501934
3,18.078210506322186
4,18.58397872344872
5,18.7393234523374
6,19.230028060214725
7,19.669486395741593
8,19.914569725741593
9,20.47790306574159
10,21.187903065741594
11,21.34053075784864
12,21.328914617305927
13,21.629866488215658
