mjd,interp_mag
0,15.894587507818835
1,16.508579629155882
2,17.455898866579176
3,18.028311618399428
4,18.53407983552596
5,18.68942456441464
6,19.180129172291966
7,19.619587507818835
8,19.864670837818835
9,20.42800417781883
10,21.138004177818836
11,21.290631869925882
12,21.27901572938317
13,21.5799676002929
