mjd,interp_mag
0,17.854274083537106
1,18.468266204874155
2,19.41558544229745
3,19.9879981941177
4,20.493766411244234
5,20.649111140132913
6,21.13981574801024
7,21.579274083537108
8,21.824357413537108
9,22.387690753537104
10,23.09769075353711
11,23.250318445644155
12,23.23870230510144
13,23.539654176011172
