mjd,interp_mag
0,16.738099565174764
1,17.352091686511812
2,18.299410923935106
3,18.87182367575536
4,19.37759189288189
5,19.53293662177057
6,20.023641229647897
7,20.463099565174765
8,20.708182895174765
9,21.27151623517476
10,21.981516235174766
11,22.134143927281812
12,22.1225277867391
13,22.42347965764883
