mjd,interp_mag
0,18.8357308121057
1,19.44972293344275
2,20.397042170866044
3,20.969454922686296
4,21.47522313981283
5,21.630567868701508
6,22.121272476578834
7,22.560730812105703
8,22.805814142105703
9,23.3691474821057
10,24.079147482105704
11,24.23177517421275
12,24.220159033670036
13,24.521110904579768
