mjd,interp_mag
0,14.867634709367183
1,15.481626830704231
2,16.428946068127523
3,17.001358819947775
4,17.50712703707431
5,17.662471765962987
6,18.153176373840314
7,18.592634709367182
8,18.837718039367182
9,19.40105137936718
10,20.111051379367183
11,20.26367907147423
12,20.252062930931515
13,20.553014801841247
