mjd,interp_mag
0,18.476288376377802
1,19.09028049771485
2,20.037599735138144
3,20.610012486958396
4,21.11578070408493
5,21.27112543297361
6,21.761830040850935
7,22.201288376377804
8,22.446371706377803
9,23.0097050463778
10,23.719705046377804
11,23.87233273848485
12,23.860716597942137
13,24.161668468851868
