mjd,interp_mag
0,19.04702382700468
1,19.661015948341728
2,20.60833518576502
3,21.180747937585274
4,21.686516154711807
5,21.841860883600486
6,22.332565491477812
7,22.77202382700468
8,23.01710715700468
9,23.580440497004677
10,24.29044049700468
11,24.443068189111727
12,24.431452048569014
13,24.732403919478745
