mjd,interp_mag
0,18.58298845500544
1,19.19698057634249
2,20.144299813765784
3,20.716712565586036
4,21.22248078271257
5,21.377825511601248
6,21.868530119478574
7,22.307988455005443
8,22.553071785005443
9,23.11640512500544
10,23.826405125005444
11,23.97903281711249
12,23.967416676569776
13,24.268368547479508
