mjd,interp_mag
0,18.47660429313831
1,19.090596414475357
2,20.03791565189865
3,20.610328403718903
4,21.116096620845436
5,21.271441349734115
6,21.76214595761144
7,22.20160429313831
8,22.44668762313831
9,23.010020963138306
10,23.72002096313831
11,23.872648655245357
12,23.861032514702643
13,24.161984385612374
