mjd,interp_mag
0,16.64893431667562
1,17.26292643801267
2,18.210245675435964
3,18.782658427256216
4,19.28842664438275
5,19.443771373271428
6,19.934475981148754
7,20.373934316675623
8,20.619017646675623
9,21.18235098667562
10,21.892350986675623
11,22.04497867878267
12,22.033362538239956
13,22.334314409149687
