mjd,interp_mag
0,18.137114661186295
1,18.751106782523344
2,19.698426019946638
3,20.27083877176689
4,20.776606988893423
5,20.931951717782102
6,21.42265632565943
7,21.862114661186297
8,22.107197991186297
9,22.670531331186293
10,23.380531331186297
11,23.533159023293344
12,23.52154288275063
13,23.82249475366036
