mjd,interp_mag
0,18.61967686025094
1,19.23366898158799
2,20.180988219011283
3,20.753400970831535
4,21.25916918795807
5,21.414513916846747
6,21.905218524724074
7,22.344676860250942
8,22.589760190250942
9,23.15309353025094
10,23.863093530250943
11,24.01572122235799
12,24.004105081815275
13,24.305056952725007
