mjd,interp_mag
0,13.272489115160903
1,13.886481236497952
2,14.833800473921242
3,15.406213225741498
4,15.91198144286803
5,16.067326171756708
6,16.558030779634034
7,16.997489115160903
8,17.242572445160903
9,17.8059057851609
10,18.515905785160903
11,18.66853347726795
12,18.656917336725236
13,18.957869207634968
