mjd,interp_mag
0,19.056346376703836
1,19.670338498040884
2,20.617657735464178
3,21.19007048728443
4,21.695838704410964
5,21.851183433299642
6,22.34188804117697
7,22.781346376703837
8,23.026429706703837
9,23.589763046703833
10,24.299763046703838
11,24.452390738810884
12,24.44077459826817
13,24.7417264691779
