mjd,interp_mag
0,14.458543014086453
1,15.072535135423502
2,16.019854372846794
3,16.592267124667046
4,17.09803534179358
5,17.253380070682258
6,17.744084678559584
7,18.183543014086453
8,18.428626344086453
9,18.99195968408645
10,19.701959684086454
11,19.8545873761935
12,19.842971235650786
13,20.143923106560518
