mjd,interp_mag
0,18.110796060868893
1,18.72478818220594
2,19.672107419629235
3,20.244520171449487
4,20.75028838857602
5,20.9056331174647
6,21.396337725342025
7,21.835796060868894
8,22.080879390868894
9,22.64421273086889
10,23.354212730868895
11,23.50684042297594
12,23.495224282433227
13,23.79617615334296
