mjd,interp_mag
0,14.095564620505401
1,14.70955674184245
2,15.65687597926574
3,16.229288731085994
4,16.735056948212527
5,16.890401677101206
6,17.381106284978532
7,17.8205646205054
8,18.0656479505054
9,18.628981290505397
10,19.3389812905054
11,19.491608982612448
12,19.479992842069734
13,19.780944712979466
