mjd,interp_mag
0,18.990788413577214
1,19.604780534914262
2,20.552099772337556
3,21.124512524157808
4,21.63028074128434
5,21.78562547017302
6,22.276330078050346
7,22.715788413577215
8,22.960871743577215
9,23.52420508357721
10,24.234205083577216
11,24.38683277568426
12,24.37521663514155
13,24.67616850605128
