mjd,interp_mag
0,17.821897448989617
1,18.435889570326665
2,19.38320880774996
3,19.95562155957021
4,20.461389776696745
5,20.616734505585423
6,21.10743911346275
7,21.54689744898962
8,21.79198077898962
9,22.355314118989615
10,23.06531411898962
11,23.217941811096665
12,23.20632567055395
13,23.507277541463683
