mjd,interp_mag
0,19.026094678280813
1,19.640086799617862
2,20.587406037041156
3,21.159818788861408
4,21.66558700598794
5,21.82093173487662
6,22.311636342753946
7,22.751094678280815
8,22.996178008280815
9,23.55951134828081
10,24.269511348280815
11,24.42213904038786
12,24.410522899845148
13,24.71147477075488
