mjd,interp_mag
0,18.559735256580765
1,19.173727377917814
2,20.121046615341108
3,20.69345936716136
4,21.199227584287893
5,21.354572313176572
6,21.845276921053898
7,22.284735256580767
8,22.529818586580767
9,23.093151926580763
10,23.803151926580767
11,23.955779618687814
12,23.9441634781451
13,24.24511534905483
