mjd,interp_mag
0,18.907862787358475
1,19.521854908695524
2,20.469174146118817
3,21.04158689793907
4,21.547355115065603
5,21.70269984395428
6,22.193404451831608
7,22.632862787358476
8,22.877946117358476
9,23.441279457358473
10,24.151279457358477
11,24.303907149465523
12,24.29229100892281
13,24.59324287983254
