mjd,interp_mag
0,16.982287061588814
1,17.596279182925862
2,18.543598420349156
3,19.116011172169408
4,19.62177938929594
5,19.77712411818462
6,20.267828726061946
7,20.707287061588815
8,20.952370391588815
9,21.51570373158881
10,22.225703731588816
11,22.37833142369586
12,22.366715283153148
13,22.66766715406288
