mjd,interp_mag
0,15.41207201861567
1,16.026064139952716
2,16.97338337737601
3,17.545796129196262
4,18.051564346322795
5,18.206909075211474
6,18.6976136830888
7,19.13707201861567
8,19.38215534861567
9,19.945488688615665
10,20.65548868861567
11,20.808116380722716
12,20.796500240180002
13,21.097452111089734
