mjd,interp_mag
0,18.41378183844855
1,19.0277739597856
2,19.975093197208892
3,20.547505949029144
4,21.053274166155678
5,21.208618895044356
6,21.699323502921683
7,22.13878183844855
8,22.38386516844855
9,22.947198508448547
10,23.657198508448552
11,23.809826200555598
12,23.798210060012885
13,24.099161930922616
