mjd,interp_mag
0,17.40044698200824
1,18.01443910334529
2,18.961758340768583
3,19.534171092588835
4,20.03993930971537
5,20.195284038604047
6,20.685988646481373
7,21.125446982008242
8,21.370530312008242
9,21.933863652008238
10,22.643863652008243
11,22.79649134411529
12,22.784875203572575
13,23.085827074482307
