mjd,interp_mag
0,17.602756772536935
1,18.216748893873984
2,19.164068131297277
3,19.73648088311753
4,20.242249100244063
5,20.39759382913274
6,20.888298437010068
7,21.327756772536937
8,21.572840102536937
9,22.136173442536933
10,22.846173442536937
11,22.998801134643983
12,22.98718499410127
13,23.288136865011
