mjd,interp_mag
0,19.045660523755473
1,19.65965264509252
2,20.606971882515815
3,21.179384634336067
4,21.6851528514626
5,21.84049758035128
6,22.331202188228605
7,22.770660523755474
8,23.015743853755474
9,23.57907719375547
10,24.289077193755475
11,24.44170488586252
12,24.430088745319807
13,24.73104061622954
