mjd,interp_mag
0,16.211636974525575
1,16.825629095862624
2,17.772948333285917
3,18.34536108510617
4,18.851129302232703
5,19.006474031121382
6,19.497178638998708
7,19.936636974525577
8,20.181720304525577
9,20.745053644525573
10,21.455053644525577
11,21.607681336632623
12,21.59606519608991
13,21.89701706699964
