mjd,interp_mag
0,12.59504958153587
1,13.209041702872918
2,14.156360940296208
3,14.728773692116464
4,15.234541909242996
5,15.389886638131674
6,15.880591246009
7,16.32004958153587
8,16.56513291153587
9,17.128466251535865
10,17.83846625153587
11,17.991093943642916
12,17.979477803100202
13,18.280429674009934
