mjd,interp_mag
0,17.45524388143052
1,18.069236002767568
2,19.01655524019086
3,19.588967992011113
4,20.094736209137647
5,20.250080938026326
6,20.740785545903652
7,21.18024388143052
8,21.42532721143052
9,21.988660551430517
10,22.69866055143052
11,22.851288243537567
12,22.839672102994854
13,23.140623973904585
