mjd,interp_mag
0,16.063718881767755
1,16.677711003104804
2,17.625030240528098
3,18.19744299234835
4,18.703211209474883
5,18.858555938363562
6,19.349260546240888
7,19.788718881767757
8,20.033802211767757
9,20.597135551767753
10,21.307135551767757
11,21.459763243874804
12,21.44814710333209
13,21.74909897424182
