mjd,interp_mag
0,18.377858058257836
1,18.991850179594884
2,19.939169417018178
3,20.51158216883843
4,21.017350385964964
5,21.172695114853642
6,21.66339972273097
7,22.102858058257837
8,22.347941388257837
9,22.911274728257833
10,23.621274728257838
11,23.773902420364884
12,23.76228627982217
13,24.0632381507319
