mjd,interp_mag
0,18.334696593483287
1,18.948688714820335
2,19.89600795224363
3,20.46842070406388
4,20.974188921190414
5,21.129533650079093
6,21.62023825795642
7,22.059696593483288
8,22.304779923483288
9,22.868113263483284
10,23.57811326348329
11,23.730740955590335
12,23.71912481504762
13,24.020076685957353
