mjd,interp_mag
0,15.121992013283398
1,15.735984134620447
2,16.68330337204374
3,17.25571612386399
4,17.761484340990524
5,17.916829069879203
6,18.40753367775653
7,18.846992013283398
8,19.092075343283398
9,19.655408683283394
10,20.3654086832834
11,20.518036375390444
12,20.50642023484773
13,20.807372105757462
