mjd,interp_mag
0,18.61037550519837
1,19.224367626535418
2,20.171686863958712
3,20.744099615778964
4,21.249867832905498
5,21.405212561794176
6,21.895917169671502
7,22.33537550519837
8,22.58045883519837
9,23.143792175198367
10,23.85379217519837
11,24.006419867305418
12,23.994803726762704
13,24.295755597672436
