mjd,interp_mag
0,18.856444095623146
1,19.470436216960195
2,20.41775545438349
3,20.99016820620374
4,21.495936423330274
5,21.651281152218953
6,22.14198576009628
7,22.581444095623148
8,22.826527425623148
9,23.389860765623144
10,24.09986076562315
11,24.252488457730195
12,24.24087231718748
13,24.541824188097213
