mjd,interp_mag
0,17.32315251341663
1,17.93714463475368
2,18.884463872176973
3,19.456876623997225
4,19.96264484112376
5,20.117989570012437
6,20.608694177889763
7,21.048152513416632
8,21.293235843416632
9,21.856569183416628
10,22.566569183416632
11,22.71919687552368
12,22.707580734980965
13,23.008532605890696
