mjd,interp_mag
0,17.843222972236234
1,18.457215093573282
2,19.404534330996576
3,19.976947082816828
4,20.48271529994336
5,20.63806002883204
6,21.128764636709366
7,21.568222972236235
8,21.813306302236235
9,22.37663964223623
10,23.086639642236236
11,23.239267334343282
12,23.22765119380057
13,23.5286030647103
