mjd,interp_mag
0,16.781063507058356
1,17.395055628395404
2,18.342374865818698
3,18.91478761763895
4,19.420555834765484
5,19.575900563654162
6,20.06660517153149
7,20.506063507058357
8,20.751146837058357
9,21.314480177058353
10,22.024480177058358
11,22.177107869165404
12,22.16549172862269
13,22.466443599532422
