mjd,interp_mag
0,17.54844464093658
1,18.16243676227363
2,19.109755999696922
3,19.682168751517175
4,20.187936968643708
5,20.343281697532387
6,20.833986305409713
7,21.27344464093658
8,21.51852797093658
9,22.081861310936578
10,22.791861310936582
11,22.94448900304363
12,22.932872862500915
13,23.233824733410646
