mjd,interp_mag
0,18.81979178510015
1,19.4337839064372
2,20.381103143860493
3,20.953515895680745
4,21.45928411280728
5,21.614628841695957
6,22.105333449573283
7,22.544791785100152
8,22.789875115100152
9,23.353208455100148
10,24.063208455100153
11,24.2158361472072
12,24.204220006664485
13,24.505171877574217
