mjd,interp_mag
0,18.83818164136106
1,19.45217376269811
2,20.399493000121403
3,20.971905751941655
4,21.47767396906819
5,21.633018697956867
6,22.123723305834194
7,22.563181641361062
8,22.808264971361062
9,23.37159831136106
10,24.081598311361063
11,24.23422600346811
12,24.222609862925395
13,24.523561733835127
