mjd,interp_mag
0,18.142487581682346
1,18.756479703019394
2,19.703798940442688
3,20.27621169226294
4,20.781979909389474
5,20.937324638278152
6,21.42802924615548
7,21.867487581682347
8,22.112570911682347
9,22.675904251682343
10,23.385904251682348
11,23.538531943789394
12,23.52691580324668
13,23.827867674156412
