mjd,interp_mag
0,18.435970630851266
1,19.049962752188314
2,19.997281989611608
3,20.56969474143186
4,21.075462958558393
5,21.230807687447072
6,21.7215122953244
7,22.160970630851267
8,22.406053960851267
9,22.969387300851263
10,23.679387300851268
11,23.832014992958314
12,23.8203988524156
13,24.12135072332533
