mjd,interp_mag
0,18.80930894023107
1,19.423301061568118
2,20.370620298991412
3,20.943033050811664
4,21.448801267938197
5,21.604145996826876
6,22.094850604704202
7,22.53430894023107
8,22.77939227023107
9,23.342725610231067
10,24.05272561023107
11,24.205353302338118
12,24.193737161795404
13,24.494689032705136
