mjd,interp_mag
0,17.46043587072569
1,18.074427992062738
2,19.02174722948603
3,19.594159981306284
4,20.099928198432817
5,20.255272927321496
6,20.745977535198822
7,21.18543587072569
8,21.43051920072569
9,21.993852540725687
10,22.70385254072569
11,22.856480232832737
12,22.844864092290024
13,23.145815963199755
