mjd,interp_mag
0,15.566807969539498
1,16.180800090876545
2,17.12811932829984
3,17.70053208012009
4,18.206300297246624
5,18.361645026135303
6,18.85234963401263
7,19.291807969539498
8,19.536891299539498
9,20.100224639539494
10,20.8102246395395
11,20.962852331646545
12,20.95123619110383
13,21.252188062013563
