mjd,interp_mag
0,17.4464795205852
1,18.06047164192225
2,19.007790879345542
3,19.580203631165794
4,20.085971848292328
5,20.241316577181006
6,20.732021185058333
7,21.1714795205852
8,21.4165628505852
9,21.979896190585198
10,22.689896190585202
11,22.842523882692248
12,22.830907742149535
13,23.131859613059266
