mjd,interp_mag
0,15.64027525334315
1,16.254267374680197
2,17.20158661210349
3,17.773999363923743
4,18.279767581050276
5,18.435112309938955
6,18.92581691781628
7,19.36527525334315
8,19.61035858334315
9,20.173691923343146
10,20.88369192334315
11,21.036319615450196
12,21.024703474907483
13,21.325655345817214
