mjd,interp_mag
0,18.687119136329038
1,19.301111257666086
2,20.24843049508938
3,20.820843246909632
4,21.326611464036166
5,21.481956192924844
6,21.97266080080217
7,22.41211913632904
8,22.65720246632904
9,23.220535806329035
10,23.93053580632904
11,24.083163498436086
12,24.071547357893373
13,24.372499228803104
