mjd,interp_mag
0,10.742418130572394
1,11.356410251909443
2,12.303729489332733
3,12.876142241152989
4,13.38191045827952
5,13.5372551871682
6,14.027959795045525
7,14.467418130572394
8,14.712501460572392
9,15.27583480057239
10,15.985834800572393
11,16.138462492679437
12,16.126846352136724
13,16.42779822304646
