mjd,interp_mag
0,15.19332070417837
1,15.80731282551542
2,16.75463206293871
3,17.327044814758963
4,17.832813031885497
5,17.988157760774175
6,18.4788623686515
7,18.91832070417837
8,19.16340403417837
9,19.726737374178366
10,20.43673737417837
11,20.589365066285417
12,20.577748925742704
13,20.878700796652435
