mjd,interp_mag
0,18.40362549259173
1,19.017617613928778
2,19.96493685135207
3,20.537349603172323
4,21.043117820298857
5,21.198462549187536
6,21.689167157064862
7,22.12862549259173
8,22.37370882259173
9,22.937042162591727
10,23.64704216259173
11,23.799669854698777
12,23.788053714156064
13,24.089005585065795
