mjd,interp_mag
0,15.163125948865131
1,15.77711807020218
2,16.72443730762547
3,17.296850059445724
4,17.802618276572257
5,17.957963005460936
6,18.448667613338262
7,18.88812594886513
8,19.13320927886513
9,19.696542618865127
10,20.40654261886513
11,20.559170310972178
12,20.547554170429464
13,20.848506041339196
