mjd,interp_mag
0,17.238935974206235
1,17.852928095543284
2,18.800247332966578
3,19.37266008478683
4,19.878428301913363
5,20.033773030802042
6,20.524477638679368
7,20.963935974206237
8,21.209019304206237
9,21.772352644206233
10,22.482352644206237
11,22.634980336313284
12,22.62336419577057
13,22.9243160666803
