mjd,interp_mag
0,18.97930252111425
1,19.593294642451298
2,20.54061387987459
3,21.113026631694844
4,21.618794848821377
5,21.774139577710056
6,22.264844185587382
7,22.70430252111425
8,22.94938585111425
9,23.512719191114247
10,24.22271919111425
11,24.375346883221297
12,24.363730742678584
13,24.664682613588315
