mjd,interp_mag
0,18.825130622170384
1,19.439122743507433
2,20.386441980930726
3,20.95885473275098
4,21.464622949877512
5,21.61996767876619
6,22.110672286643517
7,22.550130622170386
8,22.795213952170386
9,23.358547292170382
10,24.068547292170386
11,24.221174984277432
12,24.20955884373472
13,24.51051071464445
