mjd,interp_mag
0,18.115498358853138
1,18.729490480190186
2,19.67680971761348
3,20.249222469433732
4,20.754990686560266
5,20.910335415448944
6,21.40104002332627
7,21.84049835885314
8,22.08558168885314
9,22.648915028853136
10,23.35891502885314
11,23.511542720960186
12,23.499926580417473
13,23.800878451327204
