mjd,interp_mag
0,18.40089383110893
1,19.01488595244598
2,19.962205189869273
3,20.534617941689525
4,21.04038615881606
5,21.195730887704737
6,21.686435495582064
7,22.125893831108932
8,22.370977161108932
9,22.93431050110893
10,23.644310501108933
11,23.79693819321598
12,23.785322052673266
13,24.086273923582997
