mjd,interp_mag
0,11.52079347999428
1,12.134785601331329
2,13.082104838754619
3,13.654517590574875
4,14.160285807701406
5,14.315630536590085
6,14.806335144467411
7,15.24579347999428
8,15.490876809994278
9,16.054210149994276
10,16.764210149994277
11,16.916837842101323
12,16.90522170155861
13,17.206173572468344
