mjd,interp_mag
0,17.241164849740898
1,17.855156971077946
2,18.80247620850124
3,19.374888960321492
4,19.880657177448025
5,20.036001906336704
6,20.52670651421403
7,20.9661648497409
8,21.2112481797409
9,21.774581519740895
10,22.4845815197409
11,22.637209211847946
12,22.625593071305232
13,22.926544942214964
