mjd,interp_mag
0,17.66351696706053
1,18.27750908839758
2,19.224828325820873
3,19.797241077641125
4,20.30300929476766
5,20.458354023656337
6,20.949058631533664
7,21.388516967060532
8,21.633600297060532
9,22.19693363706053
10,22.906933637060533
11,23.05956132916758
12,23.047945188624865
13,23.348897059534597
