mjd,interp_mag
0,17.775578251808994
1,18.389570373146043
2,19.336889610569337
3,19.90930236238959
4,20.415070579516122
5,20.5704153084048
6,21.061119916282127
7,21.500578251808996
8,21.745661581808996
9,22.308994921808992
10,23.018994921808996
11,23.171622613916043
12,23.16000647337333
13,23.46095834428306
