mjd,interp_mag
0,13.502259377653575
1,14.116251498990623
2,15.063570736413913
3,15.635983488234169
4,16.1417517053607
5,16.29709643424938
6,16.787801042126706
7,17.227259377653574
8,17.472342707653574
9,18.03567604765357
10,18.745676047653575
11,18.89830373976062
12,18.886687599217908
13,19.18763947012764
