mjd,interp_mag
0,17.59886144618526
1,18.21285356752231
2,19.160172804945603
3,19.732585556765855
4,20.23835377389239
5,20.393698502781067
6,20.884403110658393
7,21.323861446185262
8,21.568944776185262
9,22.132278116185258
10,22.842278116185263
11,22.99490580829231
12,22.983289667749595
13,23.284241538659327
