mjd,interp_mag
0,17.65828448368717
1,18.272276605024217
2,19.21959584244751
3,19.792008594267763
4,20.297776811394296
5,20.453121540282975
6,20.9438261481603
7,21.38328448368717
8,21.62836781368717
9,22.191701153687166
10,22.90170115368717
11,23.054328845794217
12,23.042712705251503
13,23.343664576161235
