mjd,interp_mag
0,18.97712721922729
1,19.59111934056434
2,20.538438577987634
3,21.110851329807886
4,21.61661954693442
5,21.7719642758231
6,22.262668883700425
7,22.702127219227293
8,22.947210549227293
9,23.51054388922729
10,24.220543889227294
11,24.37317158133434
12,24.361555440791626
13,24.662507311701358
