mjd,interp_mag
0,17.450935624091372
1,18.06492774542842
2,19.012246982851714
3,19.584659734671966
4,20.0904279517985
5,20.24577268068718
6,20.736477288564505
7,21.175935624091373
8,21.421018954091373
9,21.98435229409137
10,22.694352294091374
11,22.84697998619842
12,22.835363845655706
13,23.136315716565438
