mjd,interp_mag
0,18.475847540732545
1,19.089839662069593
2,20.037158899492887
3,20.60957165131314
4,21.115339868439673
5,21.27068459732835
6,21.761389205205678
7,22.200847540732546
8,22.445930870732546
9,23.009264210732542
10,23.719264210732547
11,23.871891902839593
12,23.86027576229688
13,24.16122763320661
