mjd,interp_mag
0,18.19264241493233
1,18.806634536269378
2,19.753953773692672
3,20.326366525512924
4,20.832134742639457
5,20.987479471528136
6,21.478184079405462
7,21.91764241493233
8,22.16272574493233
9,22.726059084932327
10,23.43605908493233
11,23.588686777039378
12,23.577070636496664
13,23.878022507406396
