mjd,interp_mag
0,18.734972605291425
1,19.348964726628473
2,20.296283964051767
3,20.86869671587202
4,21.374464932998553
5,21.52980966188723
6,22.020514269764558
7,22.459972605291426
8,22.705055935291426
9,23.268389275291423
10,23.978389275291427
11,24.131016967398473
12,24.11940082685576
13,24.42035269776549
