mjd,interp_mag
0,15.888202040801561
1,16.502194162138608
2,17.4495133995619
3,18.021926151382154
4,18.527694368508687
5,18.683039097397366
6,19.173743705274692
7,19.61320204080156
8,19.85828537080156
9,20.421618710801557
10,21.13161871080156
11,21.284246402908607
12,21.272630262365894
13,21.573582133275625
