mjd,interp_mag
0,18.231706763490195
1,18.845698884827243
2,19.793018122250537
3,20.36543087407079
4,20.871199091197322
5,21.026543820086
6,21.517248427963327
7,21.956706763490196
8,22.201790093490196
9,22.765123433490192
10,23.475123433490197
11,23.627751125597243
12,23.61613498505453
13,23.91708685596426
