mjd,interp_mag
0,7.015092102509554
1,7.629084223846602
2,8.576403461269893
3,9.148816213090148
4,9.65458443021668
5,9.809929159105359
6,10.300633766982685
7,10.740092102509553
8,10.985175432509552
9,11.54850877250955
10,12.258508772509552
11,12.411136464616598
12,12.399520324073885
13,12.700472194983618
