mjd,interp_mag
0,18.59581830848493
1,19.209810429821978
2,20.15712966724527
3,20.729542419065524
4,21.235310636192057
5,21.390655365080736
6,21.881359972958062
7,22.32081830848493
8,22.56590163848493
9,23.129234978484927
10,23.83923497848493
11,23.991862670591978
12,23.980246530049264
13,24.281198400958996
