mjd,interp_mag
0,14.614693762568928
1,15.228685883905976
2,16.17600512132927
3,16.74841787314952
4,17.254186090276054
5,17.409530819164733
6,17.90023542704206
7,18.339693762568928
8,18.584777092568928
9,19.148110432568924
10,19.858110432568928
11,20.010738124675974
12,19.99912198413326
13,20.300073855042992
