mjd,interp_mag
0,11.719869700422139
1,12.333861821759188
2,13.281181059182478
3,13.853593811002733
4,14.359362028129265
5,14.514706757017944
6,15.00541136489527
7,15.444869700422139
8,15.689953030422137
9,16.253286370422135
10,16.96328637042214
11,17.115914062529185
12,17.104297921986472
13,17.405249792896203
