mjd,interp_mag
0,17.586310485635124
1,18.200302606972173
2,19.147621844395466
3,19.72003459621572
4,20.225802813342252
5,20.38114754223093
6,20.871852150108257
7,21.311310485635126
8,21.556393815635126
9,22.119727155635122
10,22.829727155635126
11,22.982354847742172
12,22.97073870719946
13,23.27169057810919
