mjd,interp_mag
0,18.319811280562497
1,18.933803401899546
2,19.88112263932284
3,20.45353539114309
4,20.959303608269625
5,21.114648337158304
6,21.60535294503563
7,22.0448112805625
8,22.2898946105625
9,22.853227950562495
10,23.5632279505625
11,23.715855642669545
12,23.704239502126832
13,24.005191373036563
