mjd,interp_mag
0,18.517417026576638
1,19.131409147913686
2,20.07872838533698
3,20.651141137157232
4,21.156909354283766
5,21.312254083172444
6,21.80295869104977
7,22.24241702657664
8,22.48750035657664
9,23.050833696576635
10,23.76083369657664
11,23.913461388683686
12,23.901845248140972
13,24.202797119050704
