mjd,interp_mag
0,18.821818568964254
1,19.435810690301302
2,20.383129927724596
3,20.95554267954485
4,21.46131089667138
5,21.61665562556006
6,22.107360233437387
7,22.546818568964255
8,22.791901898964255
9,23.35523523896425
10,24.065235238964256
11,24.217862931071302
12,24.20624679052859
13,24.50719866143832
