mjd,interp_mag
0,13.718649616393586
1,14.332641737730635
2,15.279960975153925
3,15.85237372697418
4,16.358141944100712
5,16.51348667298939
6,17.004191280866717
7,17.443649616393586
8,17.688732946393586
9,18.252066286393582
10,18.962066286393586
11,19.114693978500632
12,19.10307783795792
13,19.40402970886765
