mjd,interp_mag
0,18.315347106451526
1,18.929339227788574
2,19.876658465211868
3,20.44907121703212
4,20.954839434158654
5,21.110184163047332
6,21.60088877092466
7,22.040347106451527
8,22.285430436451527
9,22.848763776451523
10,23.558763776451528
11,23.711391468558574
12,23.69977532801586
13,24.000727198925592
