mjd,interp_mag
0,18.884316699320053
1,19.4983088206571
2,20.445628058080395
3,21.018040809900647
4,21.52380902702718
5,21.67915375591586
6,22.169858363793185
7,22.609316699320054
8,22.854400029320054
9,23.41773336932005
10,24.127733369320055
11,24.2803610614271
12,24.268744920884387
13,24.56969679179412
