mjd,interp_mag
0,17.014147884975202
1,17.62814000631225
2,18.575459243735544
3,19.147871995555796
4,19.65364021268233
5,19.80898494157101
6,20.299689549448335
7,20.739147884975203
8,20.984231214975203
9,21.5475645549752
10,22.257564554975204
11,22.41019224708225
12,22.398576106539537
13,22.699527977449268
