mjd,interp_mag
0,15.224512926343765
1,15.838505047680814
2,16.785824285104106
3,17.358237036924358
4,17.86400525405089
5,18.01934998293957
6,18.510054590816896
7,18.949512926343765
8,19.194596256343765
9,19.75792959634376
10,20.467929596343765
11,20.62055728845081
12,20.608941147908098
13,20.90989301881783
