mjd,interp_mag
0,17.581255608030602
1,18.19524772936765
2,19.142566966790945
3,19.714979718611197
4,20.22074793573773
5,20.37609266462641
6,20.866797272503735
7,21.306255608030604
8,21.551338938030604
9,22.1146722780306
10,22.824672278030604
11,22.97729997013765
12,22.965683829594937
13,23.26663570050467
