mjd,interp_mag
0,18.10808494946918
1,18.72207707080623
2,19.669396308229523
3,20.241809060049775
4,20.74757727717631
5,20.902922006064987
6,21.393626613942313
7,21.833084949469182
8,22.078168279469182
9,22.641501619469178
10,23.351501619469182
11,23.50412931157623
12,23.492513171033515
13,23.793465041943247
