mjd,interp_mag
0,17.106285209229647
1,17.720277330566695
2,18.66759656798999
3,19.24000931981024
4,19.745777536936775
5,19.901122265825453
6,20.39182687370278
7,20.831285209229648
8,21.076368539229648
9,21.639701879229644
10,22.34970187922965
11,22.502329571336695
12,22.49071343079398
13,22.791665301703713
