mjd,interp_mag
0,12.880735474319751
1,13.4947275956568
2,14.44204683308009
3,15.014459584900345
4,15.520227802026877
5,15.675572530915556
6,16.166277138792882
7,16.60573547431975
8,16.85081880431975
9,17.414152144319747
10,18.12415214431975
11,18.276779836426797
12,18.265163695884084
13,18.566115566793815
