mjd,interp_mag
0,17.45316703686907
1,18.067159158206117
2,19.01447839562941
3,19.586891147449663
4,20.092659364576196
5,20.248004093464875
6,20.7387087013422
7,21.17816703686907
8,21.42325036686907
9,21.986583706869066
10,22.69658370686907
11,22.849211398976117
12,22.837595258433403
13,23.138547129343134
