mjd,interp_mag
0,17.891488177957363
1,18.505480299294412
2,19.452799536717706
3,20.025212288537958
4,20.53098050566449
5,20.68632523455317
6,21.177029842430496
7,21.616488177957365
8,21.861571507957365
9,22.42490484795736
10,23.134904847957365
11,23.28753254006441
12,23.275916399521698
13,23.57686827043143
