mjd,interp_mag
0,17.70161739976195
1,18.315609521099
2,19.262928758522293
3,19.835341510342545
4,20.341109727469078
5,20.496454456357757
6,20.987159064235083
7,21.426617399761952
8,21.67170072976195
9,22.235034069761948
10,22.945034069761952
11,23.097661761869
12,23.086045621326285
13,23.386997492236016
