mjd,interp_mag
0,18.63835019336687
1,19.252342314703917
2,20.19966155212721
3,20.772074303947463
4,21.277842521073996
5,21.433187249962675
6,21.92389185784
7,22.36335019336687
8,22.60843352336687
9,23.171766863366866
10,23.88176686336687
11,24.034394555473916
12,24.022778414931203
13,24.323730285840934
