mjd,interp_mag
0,17.94503648025843
1,18.55902860159548
2,19.506347839018773
3,20.078760590839025
4,20.584528807965558
5,20.739873536854237
6,21.230578144731563
7,21.67003648025843
8,21.91511981025843
9,22.478453150258428
10,23.188453150258432
11,23.34108084236548
12,23.329464701822765
13,23.630416572732496
