mjd,interp_mag
0,19.039472344733447
1,19.653464466070496
2,20.60078370349379
3,21.17319645531404
4,21.678964672440575
5,21.834309401329254
6,22.32501400920658
7,22.76447234473345
8,23.00955567473345
9,23.572889014733445
10,24.28288901473345
11,24.435516706840495
12,24.42390056629778
13,24.724852437207513
