mjd,interp_mag
0,14.92207528802638
1,15.536067409363428
2,16.48338664678672
3,17.055799398606972
4,17.561567615733505
5,17.716912344622184
6,18.20761695249951
7,18.64707528802638
8,18.89215861802638
9,19.455491958026375
10,20.16549195802638
11,20.318119650133426
12,20.306503509590712
13,20.607455380500443
