mjd,interp_mag
0,18.27211346410205
1,18.886105585439097
2,19.83342482286239
3,20.405837574682643
4,20.911605791809176
5,21.066950520697855
6,21.55765512857518
7,21.99711346410205
8,22.24219679410205
9,22.805530134102046
10,23.51553013410205
11,23.668157826209097
12,23.656541685666383
13,23.957493556576114
