mjd,interp_mag
0,15.281839185549545
1,15.895831306886594
2,16.843150544309886
3,17.415563296130138
4,17.92133151325667
5,18.07667624214535
6,18.567380850022676
7,19.006839185549545
8,19.251922515549545
9,19.81525585554954
10,20.525255855549545
11,20.67788354765659
12,20.666267407113878
13,20.96721927802361
