mjd,interp_mag
0,18.50392575994865
1,19.1179178812857
2,20.065237118708993
3,20.637649870529245
4,21.14341808765578
5,21.298762816544457
6,21.789467424421783
7,22.228925759948652
8,22.47400908994865
9,23.037342429948648
10,23.747342429948652
11,23.8999701220557
12,23.888353981512985
13,24.189305852422716
