mjd,interp_mag
0,18.957718360526975
1,19.571710481864024
2,20.519029719287317
3,21.09144247110757
4,21.597210688234103
5,21.75255541712278
6,22.243260025000108
7,22.682718360526977
8,22.927801690526977
9,23.491135030526973
10,24.201135030526977
11,24.353762722634023
12,24.34214658209131
13,24.64309845300104
