mjd,interp_mag
0,18.52967411276053
1,19.14366623409758
2,20.090985471520874
3,20.663398223341126
4,21.16916644046766
5,21.324511169356338
6,21.815215777233664
7,22.254674112760533
8,22.499757442760533
9,23.06309078276053
10,23.773090782760534
11,23.92571847486758
12,23.914102334324866
13,24.215054205234598
