mjd,interp_mag
0,18.653472053774124
1,19.267464175111172
2,20.214783412534466
3,20.787196164354718
4,21.29296438148125
5,21.44830911036993
6,21.939013718247256
7,22.378472053774125
8,22.623555383774125
9,23.18688872377412
10,23.896888723774126
11,24.049516415881172
12,24.03790027533846
13,24.33885214624819
