mjd,interp_mag
0,18.88370228594814
1,19.497694407285188
2,20.44501364470848
3,21.017426396528734
4,21.523194613655267
5,21.678539342543946
6,22.169243950421272
7,22.60870228594814
8,22.85378561594814
9,23.417118955948137
10,24.12711895594814
11,24.279746648055188
12,24.268130507512474
13,24.569082378422205
