mjd,interp_mag
0,18.99835762483903
1,19.61234974617608
2,20.559668983599373
3,21.132081735419625
4,21.63784995254616
5,21.793194681434837
6,22.283899289312163
7,22.723357624839032
8,22.968440954839032
9,23.53177429483903
10,24.241774294839033
11,24.39440198694608
12,24.382785846403365
13,24.683737717313097
