mjd,interp_mag
0,18.623643447707536
1,19.237635569044585
2,20.18495480646788
3,20.75736755828813
4,21.263135775414664
5,21.418480504303343
6,21.90918511218067
7,22.348643447707538
8,22.593726777707538
9,23.157060117707534
10,23.86706011770754
11,24.019687809814585
12,24.00807166927187
13,24.309023540181602
