mjd,interp_mag
0,18.987846139192385
1,19.601838260529433
2,20.549157497952727
3,21.12157024977298
4,21.627338466899513
5,21.78268319578819
6,22.273387803665518
7,22.712846139192386
8,22.957929469192386
9,23.521262809192383
10,24.231262809192387
11,24.383890501299433
12,24.37227436075672
13,24.67322623166645
