mjd,interp_mag
0,17.34492000393187
1,17.958912125268917
2,18.90623136269221
3,19.478644114512463
4,19.984412331638996
5,20.139757060527675
6,20.630461668405
7,21.06992000393187
8,21.31500333393187
9,21.878336673931866
10,22.58833667393187
11,22.740964366038916
12,22.729348225496203
13,23.030300096405934
