mjd,interp_mag
0,17.29901655647341
1,17.91300867781046
2,18.860327915233754
3,19.432740667054006
4,19.93850888418054
5,20.093853613069218
6,20.584558220946544
7,21.024016556473413
8,21.269099886473413
9,21.83243322647341
10,22.542433226473413
11,22.69506091858046
12,22.683444778037746
13,22.984396648947477
