mjd,interp_mag
0,10.670768317145756
1,11.284760438482804
2,12.232079675906094
3,12.80449242772635
4,13.310260644852882
5,13.46560537374156
6,13.956309981618887
7,14.395768317145755
8,14.640851647145753
9,15.204184987145752
10,15.914184987145754
11,16.0668126792528
12,16.055196538710085
13,16.35614840961982
