mjd,interp_mag
0,18.003131697383175
1,18.617123818720223
2,19.564443056143517
3,20.13685580796377
4,20.642624025090303
5,20.79796875397898
6,21.288673361856308
7,21.728131697383176
8,21.973215027383176
9,22.536548367383173
10,23.246548367383177
11,23.399176059490223
12,23.38755991894751
13,23.68851178985724
