mjd,interp_mag
0,13.213464408093019
1,13.827456529430068
2,14.774775766853358
3,15.347188518673613
4,15.852956735800145
5,16.008301464688824
6,16.49900607256615
7,16.93846440809302
8,17.18354773809302
9,17.746881078093015
10,18.45688107809302
11,18.609508770200065
12,18.597892629657352
13,18.898844500567083
