mjd,interp_mag
0,18.590695708668036
1,19.204687830005085
2,20.15200706742838
3,20.72441981924863
4,21.230188036375164
5,21.385532765263843
6,21.87623737314117
7,22.315695708668038
8,22.560779038668038
9,23.124112378668034
10,23.83411237866804
11,23.986740070775085
12,23.97512393023237
13,24.276075801142103
