mjd,interp_mag
0,18.107846728493342
1,18.72183884983039
2,19.669158087253685
3,20.241570839073937
4,20.74733905620047
5,20.90268378508915
6,21.393388392966475
7,21.832846728493344
8,22.077930058493344
9,22.64126339849334
10,23.351263398493344
11,23.50389109060039
12,23.492274950057677
13,23.79322682096741
