mjd,interp_mag
0,14.596587126302625
1,15.210579247639673
2,16.157898485062965
3,16.730311236883217
4,17.23607945400975
5,17.39142418289843
6,17.882128790775756
7,18.321587126302624
8,18.566670456302624
9,19.13000379630262
10,19.840003796302625
11,19.99263148840967
12,19.981015347866958
13,20.28196721877669
