mjd,interp_mag
0,15.123665207642036
1,15.737657328979084
2,16.684976566402376
3,17.25738931822263
4,17.763157535349162
5,17.91850226423784
6,18.409206872115167
7,18.848665207642036
8,19.093748537642036
9,19.65708187764203
10,20.367081877642036
11,20.519709569749082
12,20.50809342920637
13,20.8090453001161
