mjd,interp_mag
0,18.79559978344483
1,19.409591904781877
2,20.35691114220517
3,20.929323894025423
4,21.435092111151956
5,21.590436840040635
6,22.08114144791796
7,22.52059978344483
8,22.76568311344483
9,23.329016453444826
10,24.03901645344483
11,24.191644145551876
12,24.180028005009163
13,24.480979875918894
