mjd_overlap,recovered_mag
1121.0,18.313035739743754
1122.0,18.927027861080802
