mjd_overlap,recovered_mag
174.0,17.879029768187888
175.0,18.493021889524933
